episode,rolling_mean_chips,epsilon
5000,nan,0.9998021229166667
10000,-0.49305,0.99960420625
15000,-0.552,0.9994062895833333
20000,-0.64125,0.9992083729166666
25000,-0.56935,0.99901045625
30000,-0.4982,0.9988125395833334
35000,-0.54945,0.9986146229166667
40000,-0.55325,0.99841670625
45000,-0.5027,0.9982187895833333
50000,-0.52335,0.9980208729166666
55000,-0.51515,0.99782295625
60000,-0.55815,0.9976250395833334
65000,-0.53045,0.9974271229166667
70000,-0.5708,0.99722920625
75000,-0.63555,0.9970312895833333
80000,-0.59045,0.9968333729166666
85000,-0.57975,0.99663545625
90000,-0.4954,0.9964375395833334
95000,-0.4654,0.9962396229166667
100000,-0.48895,0.99604170625
105000,-0.53975,0.9958437895833333
110000,-0.51845,0.9956458729166666
115000,-0.50035,0.99544795625
120000,-0.59925,0.9952500395833334
125000,-0.60875,0.9950521229166667
130000,-0.5103,0.99485420625
135000,-0.47305,0.9946562895833333
140000,-0.5219,0.9944583729166667
145000,-0.54105,0.99426045625
150000,-0.525,0.9940625395833333
155000,-0.4982,0.9938646229166667
160000,-0.50675,0.99366670625
165000,-0.5306,0.9934687895833333
170000,-0.4355,0.9932708729166667
175000,-0.4233,0.99307295625
180000,-0.51745,0.9928750395833333
185000,-0.58645,0.9926771229166667
190000,-0.5791,0.99247920625
195000,-0.55255,0.9922812895833333
200000,-0.59865,0.9920833729166667
205000,-0.61155,0.99188545625
210000,-0.61535,0.9916875395833333
215000,-0.55485,0.9914896229166666
220000,-0.47585,0.99129170625
225000,-0.44405,0.9910937895833334
230000,-0.48335,0.9908958729166667
235000,-0.5244,0.99069795625
240000,-0.5142,0.9905000395833333
245000,-0.53885,0.9903021229166666
250000,-0.45605,0.99010420625
255000,-0.4703,0.9899062895833334
260000,-0.56025,0.9897083729166667
265000,-0.5391,0.98951045625
270000,-0.56035,0.9893125395833333
275000,-0.5484,0.9891146229166666
280000,-0.5713,0.98891670625
285000,-0.5832,0.9887187895833334
290000,-0.5532,0.9885208729166667
295000,-0.58625,0.98832295625
300000,-0.6497,0.9881250395833333
305000,-0.56945,0.9879271229166666
310000,-0.52435,0.98772920625
315000,-0.5608,0.9875312895833334
320000,-0.53725,0.9873333729166667
325000,-0.57055,0.98713545625
330000,-0.54685,0.9869375395833333
335000,-0.47565,0.9867396229166666
340000,-0.4975,0.98654170625
345000,-0.57775,0.9863437895833334
350000,-0.4721,0.9861458729166667
355000,-0.46935,0.98594795625
360000,-0.62815,0.9857500395833333
365000,-0.53975,0.9855521229166667
370000,-0.55165,0.98535420625
375000,-0.6388,0.9851562895833333
380000,-0.5793,0.9849583729166667
385000,-0.4914,0.98476045625
390000,-0.5017,0.9845625395833333
395000,-0.5585,0.9843646229166667
400000,-0.5035,0.98416670625
405000,-0.4892,0.9839687895833333
410000,-0.4906,0.9837708729166666
415000,-0.5281,0.98357295625
420000,-0.5424,0.9833750395833334
425000,-0.48265,0.9831771229166667
430000,-0.52555,0.98297920625
435000,-0.49465,0.9827812895833333
440000,-0.4114,0.9825833729166666
445000,-0.43925,0.98238545625
450000,-0.56525,0.9821875395833334
455000,-0.56805,0.9819896229166667
460000,-0.5171,0.98179170625
465000,-0.51515,0.9815937895833333
470000,-0.53505,0.9813958729166666
475000,-0.62735,0.98119795625
480000,-0.6414,0.9810000395833334
485000,-0.56715,0.9808021229166667
490000,-0.5513,0.98060420625
495000,-0.6186,0.9804062895833333
500000,-0.58205,0.9802083729166666
505000,-0.5133,0.98001045625
510000,-0.4844,0.9798125395833334
515000,-0.41865,0.9796146229166667
520000,-0.38995,0.97941670625
525000,-0.42325,0.9792187895833333
530000,-0.48165,0.9790208729166666
535000,-0.5393,0.97882295625
540000,-0.54125,0.9786250395833334
545000,-0.56,0.9784271229166667
550000,-0.53625,0.97822920625
555000,-0.471,0.9780312895833333
560000,-0.42155,0.9778333729166667
565000,-0.40095,0.97763545625
570000,-0.48265,0.9774375395833333
575000,-0.5737,0.9772396229166667
580000,-0.5063,0.97704170625
585000,-0.54435,0.9768437895833333
590000,-0.65645,0.9766458729166667
595000,-0.6069,0.97644795625
600000,-0.547,0.9762500395833333
605000,-0.5332,0.9760521229166667
610000,-0.5064,0.97585420625
615000,-0.48165,0.9756562895833334
620000,-0.47005,0.9754583729166667
625000,-0.46485,0.97526045625
630000,-0.5712,0.9750625395833333
635000,-0.6119,0.9748646229166666
640000,-0.5957,0.97466670625
645000,-0.5911,0.9744687895833334
650000,-0.53185,0.9742708729166667
655000,-0.48605,0.97407295625
660000,-0.45125,0.9738750395833333
665000,-0.51495,0.9736771229166666
670000,-0.56865,0.97347920625
675000,-0.54,0.9732812895833334
680000,-0.5404,0.9730833729166667
685000,-0.45075,0.97288545625
690000,-0.40385,0.9726875395833333
695000,-0.4898,0.9724896229166666
700000,-0.42825,0.97229170625
705000,-0.46785,0.9720937895833334
710000,-0.6032,0.9718958729166667
715000,-0.60955,0.97169795625
720000,-0.6045,0.9715000395833333
725000,-0.5381,0.9713021229166666
730000,-0.53775,0.97110420625
735000,-0.53805,0.9709062895833334
740000,-0.52605,0.9707083729166667
745000,-0.55875,0.97051045625
750000,-0.56535,0.9703125395833333
755000,-0.5808,0.9701146229166666
760000,-0.4979,0.96991670625
765000,-0.4425,0.9697187895833334
770000,-0.48145,0.9695208729166667
775000,-0.45485,0.96932295625
780000,-0.48405,0.9691250395833333
785000,-0.5093,0.9689271229166667
790000,-0.48545,0.96872920625
795000,-0.52925,0.9685312895833333
800000,-0.531,0.9683333729166667
805000,-0.52465,0.96813545625
810000,-0.5475,0.9679375395833333
815000,-0.584,0.9677396229166667
820000,-0.5837,0.96754170625
825000,-0.5655,0.9673437895833333
830000,-0.585,0.9671458729166666
835000,-0.52695,0.96694795625
840000,-0.47835,0.9667500395833334
845000,-0.553,0.9665521229166667
850000,-0.6006,0.96635420625
855000,-0.5286,0.9661562895833333
860000,-0.54975,0.9659583729166666
865000,-0.6074,0.96576045625
870000,-0.6143,0.9655625395833334
875000,-0.5163,0.9653646229166667
880000,-0.47345,0.96516670625
885000,-0.56855,0.9649687895833333
890000,-0.5516,0.9647708729166666
895000,-0.53955,0.9645729562500001
900000,-0.553,0.9643750395833334
905000,-0.53755,0.9641771229166667
910000,-0.43345,0.96397920625
915000,-0.4065,0.9637812895833333
920000,-0.49595,0.9635833729166666
925000,-0.53025,0.96338545625
930000,-0.605,0.9631875395833334
935000,-0.6157,0.9629896229166667
940000,-0.5082,0.96279170625
945000,-0.49095,0.9625937895833333
950000,-0.58725,0.9623958729166666
955000,-0.6352,0.96219795625
960000,-0.61055,0.9620000395833334
965000,-0.6148,0.9618021229166667
970000,-0.54995,0.96160420625
975000,-0.50145,0.9614062895833333
980000,-0.5248,0.9612083729166667
985000,-0.53875,0.96101045625
990000,-0.4452,0.9608125395833333
995000,-0.4386,0.9606146229166667
1000000,-0.53255,0.96041670625
1005000,-0.5764,0.9602187895833333
1010000,-0.5955,0.9600208729166667
1015000,-0.537,0.95982295625
1020000,-0.52805,0.9596250395833333
1025000,-0.4746,0.9594271229166667
1030000,-0.5031,0.95922920625
1035000,-0.58225,0.9590312895833333
1040000,-0.55695,0.9588333729166667
1045000,-0.53775,0.95863545625
1050000,-0.4959,0.9584375395833333
1055000,-0.43995,0.9582396229166666
1060000,-0.49225,0.95804170625
1065000,-0.53855,0.9578437895833334
1070000,-0.521,0.9576458729166667
1075000,-0.4915,0.95744795625
1080000,-0.4309,0.9572500395833333
1085000,-0.45005,0.9570521229166666
1090000,-0.51415,0.95685420625
1095000,-0.60605,0.9566562895833334
1100000,-0.58035,0.9564583729166667
1105000,-0.5608,0.95626045625
1110000,-0.6354,0.9560625395833333
1115000,-0.5973,0.9558646229166666
1120000,-0.53085,0.9556667062499999
1125000,-0.50825,0.9554687895833334
1130000,-0.54345,0.9552708729166667
1135000,-0.5448,0.95507295625
1140000,-0.4511,0.9548750395833333
1145000,-0.4246,0.9546771229166666
1150000,-0.47265,0.95447920625
1155000,-0.4747,0.9542812895833334
1160000,-0.52935,0.9540833729166667
1165000,-0.5583,0.95388545625
1170000,-0.50815,0.9536875395833333
1175000,-0.5543,0.9534896229166667
1180000,-0.60485,0.95329170625
1185000,-0.5918,0.9530937895833334
1190000,-0.5348,0.9528958729166667
1195000,-0.5158,0.95269795625
1200000,-0.526,0.9525000395833333
1205000,-0.48955,0.9523021229166667
1210000,-0.51625,0.95210420625
1215000,-0.5421,0.9519062895833333
1220000,-0.54245,0.9517083729166667
1225000,-0.51715,0.95151045625
1230000,-0.50725,0.9513125395833333
1235000,-0.5134,0.9511146229166667
1240000,-0.517,0.95091670625
1245000,-0.4584,0.9507187895833333
1250000,-0.46195,0.9505208729166666
1255000,-0.5211,0.95032295625
1260000,-0.49465,0.9501250395833334
1265000,-0.48595,0.9499271229166667
1270000,-0.47955,0.94972920625
1275000,-0.50665,0.9495312895833333
1280000,-0.5218,0.9493333729166666
1285000,-0.517,0.94913545625
1290000,-0.52165,0.9489375395833334
1295000,-0.4933,0.9487396229166667
1300000,-0.51485,0.94854170625
1305000,-0.554,0.9483437895833333
1310000,-0.55225,0.9481458729166666
1315000,-0.55785,0.9479479562500001
1320000,-0.5786,0.9477500395833334
1325000,-0.51925,0.9475521229166667
1330000,-0.5321,0.94735420625
1335000,-0.5511,0.9471562895833333
1340000,-0.52495,0.9469583729166666
1345000,-0.47975,0.94676045625
1350000,-0.4265,0.9465625395833334
1355000,-0.5042,0.9463646229166667
1360000,-0.5211,0.94616670625
1365000,-0.49925,0.9459687895833333
1370000,-0.46955,0.9457708729166667
1375000,-0.50125,0.94557295625
1380000,-0.4786,0.9453750395833334
1385000,-0.45135,0.9451771229166667
1390000,-0.5099,0.94497920625
1395000,-0.50305,0.9447812895833333
1400000,-0.5131,0.9445833729166667
1405000,-0.5177,0.94438545625
1410000,-0.5223,0.9441875395833333
1415000,-0.5338,0.9439896229166667
1420000,-0.56475,0.94379170625
1425000,-0.58245,0.9435937895833333
1430000,-0.55605,0.9433958729166667
1435000,-0.4994,0.94319795625
1440000,-0.4968,0.9430000395833333
1445000,-0.56065,0.9428021229166667
1450000,-0.54715,0.94260420625
1455000,-0.5585,0.9424062895833334
1460000,-0.53315,0.9422083729166667
1465000,-0.47015,0.94201045625
1470000,-0.5297,0.9418125395833333
1475000,-0.57205,0.9416146229166666
1480000,-0.53015,0.94141670625
1485000,-0.4578,0.9412187895833334
1490000,-0.47535,0.9410208729166667
1495000,-0.4896,0.94082295625
1500000,-0.44395,0.9406250395833333
1505000,-0.48165,0.9404271229166666
1510000,-0.52555,0.94022920625
1515000,-0.39965,0.9400312895833334
1520000,-0.4055,0.9398333729166667
1525000,-0.514,0.93963545625
1530000,-0.4716,0.9394375395833333
1535000,-0.3944,0.9392396229166666
1540000,-0.4072,0.93904170625
1545000,-0.60215,0.9388437895833334
1550000,-0.6389,0.9386458729166667
1555000,-0.54975,0.93844795625
1560000,-0.53365,0.9382500395833333
1565000,-0.5445,0.9380521229166666
1570000,-0.55785,0.93785420625
1575000,-0.56245,0.9376562895833334
1580000,-0.55715,0.9374583729166667
1585000,-0.57925,0.93726045625
1590000,-0.5759,0.9370625395833333
1595000,-0.50025,0.9368646229166666
1600000,-0.53155,0.93666670625
1605000,-0.54785,0.9364687895833333
1610000,-0.49735,0.9362708729166667
1615000,-0.5277,0.93607295625
1620000,-0.5121,0.9358750395833333
1625000,-0.4485,0.9356771229166667
1630000,-0.4606,0.93547920625
1635000,-0.5324,0.9352812895833333
1640000,-0.5234,0.9350833729166667
1645000,-0.565,0.93488545625
1650000,-0.55625,0.9346875395833334
1655000,-0.4404,0.9344896229166667
1660000,-0.4759,0.93429170625
1665000,-0.4188,0.9340937895833333
1670000,-0.3979,0.9338958729166666
1675000,-0.4736,0.93369795625
1680000,-0.54115,0.9335000395833333
1685000,-0.57655,0.9333021229166667
1690000,-0.53835,0.93310420625
1695000,-0.49015,0.9329062895833333
1700000,-0.47165,0.9327083729166666
1705000,-0.5112,0.93251045625
1710000,-0.49935,0.9323125395833334
1715000,-0.5426,0.9321146229166667
1720000,-0.60735,0.93191670625
1725000,-0.5697,0.9317187895833333
1730000,-0.51045,0.9315208729166666
1735000,-0.5003,0.9313229562500001
1740000,-0.4841,0.9311250395833334
1745000,-0.459,0.9309271229166667
1750000,-0.45455,0.93072920625
1755000,-0.48495,0.9305312895833333
1760000,-0.49605,0.9303333729166667
1765000,-0.53555,0.93013545625
1770000,-0.5688,0.9299375395833334
1775000,-0.53935,0.9297396229166667
1780000,-0.54925,0.92954170625
1785000,-0.51105,0.9293437895833333
1790000,-0.4728,0.9291458729166666
1795000,-0.56975,0.92894795625
1800000,-0.57725,0.9287500395833334
1805000,-0.53825,0.9285521229166667
1810000,-0.50305,0.92835420625
1815000,-0.467,0.9281562895833333
1820000,-0.4813,0.9279583729166667
1825000,-0.5312,0.92776045625
1830000,-0.54705,0.9275625395833333
1835000,-0.54985,0.9273646229166667
1840000,-0.47455,0.92716670625
1845000,-0.45405,0.9269687895833334
1850000,-0.5668,0.9267708729166667
1855000,-0.54835,0.92657295625
1860000,-0.4632,0.9263750395833333
1865000,-0.4622,0.9261771229166667
1870000,-0.54475,0.92597920625
1875000,-0.5821,0.9257812895833334
1880000,-0.57685,0.9255833729166667
1885000,-0.60685,0.92538545625
1890000,-0.6267,0.9251875395833333
1895000,-0.56255,0.9249896229166666
1900000,-0.5377,0.92479170625
1905000,-0.4712,0.9245937895833334
1910000,-0.40735,0.9243958729166667
1915000,-0.4802,0.92419795625
1920000,-0.52755,0.9240000395833333
1925000,-0.5011,0.9238021229166666
1930000,-0.4883,0.9236042062500001
1935000,-0.5362,0.9234062895833334
1940000,-0.5488,0.9232083729166667
1945000,-0.52405,0.92301045625
1950000,-0.54345,0.9228125395833333
1955000,-0.52615,0.9226146229166666
1960000,-0.50365,0.9224167062499999
1965000,-0.53545,0.9222187895833334
1970000,-0.5171,0.9220208729166667
1975000,-0.44955,0.92182295625
1980000,-0.4376,0.9216250395833333
1985000,-0.46225,0.9214271229166666
1990000,-0.46465,0.92122920625
1995000,-0.4939,0.9210312895833334
2000000,-0.5927,0.9208333729166667
2005000,-0.57575,0.92063545625
2010000,-0.47415,0.9204375395833333
2015000,-0.468,0.9202396229166667
2020000,-0.51275,0.92004170625
2025000,-0.5472,0.9198437895833333
2030000,-0.4619,0.9196458729166667
2035000,-0.4715,0.91944795625
2040000,-0.54675,0.9192500395833333
2045000,-0.53575,0.9190521229166667
2050000,-0.60235,0.91885420625
2055000,-0.5637,0.9186562895833333
2060000,-0.48285,0.9184583729166667
2065000,-0.5511,0.91826045625
2070000,-0.60475,0.9180625395833333
2075000,-0.56185,0.9178646229166667
2080000,-0.5156,0.91766670625
2085000,-0.4935,0.9174687895833333
2090000,-0.4956,0.9172708729166666
2095000,-0.4988,0.91707295625
2100000,-0.4906,0.9168750395833334
2105000,-0.489,0.9166771229166667
2110000,-0.5303,0.91647920625
2115000,-0.5242,0.9162812895833333
2120000,-0.4544,0.9160833729166666
2125000,-0.3782,0.9158854562500001
2130000,-0.4328,0.9156875395833334
2135000,-0.4668,0.9154896229166667
2140000,-0.45805,0.91529170625
2145000,-0.5891,0.9150937895833333
2150000,-0.6085,0.9148958729166666
2155000,-0.54935,0.9146979562499999
2160000,-0.5129,0.9145000395833334
2165000,-0.38105,0.9143021229166667
2170000,-0.4008,0.91410420625
2175000,-0.6009,0.9139062895833333
2180000,-0.62085,0.9137083729166666
2185000,-0.53175,0.91351045625
2190000,-0.4454,0.9133125395833334
2195000,-0.36705,0.9131146229166667
2200000,-0.3947,0.91291670625
2205000,-0.37365,0.9127187895833333
2210000,-0.4471,0.9125208729166667
2215000,-0.4681,0.91232295625
2220000,-0.43295,0.9121250395833334
2225000,-0.51405,0.9119271229166667
2230000,-0.4897,0.91172920625
2235000,-0.51045,0.9115312895833334
2240000,-0.53815,0.9113333729166667
2245000,-0.49975,0.91113545625
2250000,-0.4816,0.9109375395833333
2255000,-0.4591,0.9107396229166667
2260000,-0.4654,0.91054170625
2265000,-0.58405,0.9103437895833333
2270000,-0.636,0.9101458729166667
2275000,-0.4881,0.90994795625
2280000,-0.4217,0.9097500395833333
2285000,-0.42275,0.9095521229166666
2290000,-0.3984,0.90935420625
2295000,-0.49595,0.9091562895833334
2300000,-0.4516,0.9089583729166667
2305000,-0.39875,0.90876045625
2310000,-0.45095,0.9085625395833333
2315000,-0.4489,0.9083646229166666
2320000,-0.4971,0.90816670625
2325000,-0.50605,0.9079687895833334
2330000,-0.5336,0.9077708729166667
2335000,-0.5121,0.90757295625
2340000,-0.51095,0.9073750395833333
2345000,-0.54915,0.9071771229166666
2350000,-0.4652,0.9069792062500001
2355000,-0.47565,0.9067812895833334
2360000,-0.51835,0.9065833729166667
2365000,-0.51765,0.90638545625
2370000,-0.51795,0.9061875395833333
2375000,-0.4809,0.9059896229166666
2380000,-0.48885,0.90579170625
2385000,-0.53535,0.9055937895833334
2390000,-0.50225,0.9053958729166667
2395000,-0.4893,0.90519795625
2400000,-0.5506,0.9050000395833333
2405000,-0.5826,0.9048021229166667
2410000,-0.51295,0.90460420625
2415000,-0.43395,0.9044062895833334
2420000,-0.4678,0.9042083729166667
2425000,-0.4989,0.90401045625
2430000,-0.4981,0.9038125395833333
2435000,-0.5071,0.9036146229166666
2440000,-0.5257,0.90341670625
2445000,-0.5323,0.9032187895833333
2450000,-0.5567,0.9030208729166667
2455000,-0.5456,0.90282295625
2460000,-0.4919,0.9026250395833333
2465000,-0.49255,0.9024271229166667
2470000,-0.45815,0.90222920625
2475000,-0.44535,0.9020312895833333
2480000,-0.4279,0.9018333729166667
2485000,-0.38155,0.90163545625
2490000,-0.4336,0.9014375395833334
2495000,-0.51485,0.9012396229166667
2500000,-0.571,0.90104170625
2505000,-0.547,0.9008437895833333
2510000,-0.5209,0.9006458729166666
2515000,-0.44215,0.90044795625
2520000,-0.40995,0.9002500395833333
2525000,-0.4413,0.9000521229166667
2530000,-0.4688,0.89985420625
2535000,-0.5211,0.8996562895833333
2540000,-0.5137,0.8994583729166666
2545000,-0.5356,0.89926045625
2550000,-0.51725,0.8990625395833334
2555000,-0.4751,0.8988646229166667
2560000,-0.47385,0.89866670625
2565000,-0.4783,0.8984687895833333
2570000,-0.48075,0.8982708729166666
2575000,-0.5091,0.89807295625
2580000,-0.4842,0.8978750395833334
2585000,-0.4629,0.8976771229166667
2590000,-0.45915,0.89747920625
2595000,-0.50525,0.8972812895833333
2600000,-0.5404,0.8970833729166667
2605000,-0.4626,0.89688545625
2610000,-0.4617,0.8966875395833334
2615000,-0.5171,0.8964896229166667
2620000,-0.58375,0.89629170625
2625000,-0.5593,0.8960937895833333
2630000,-0.6035,0.8958958729166666
2635000,-0.5909,0.89569795625
2640000,-0.4725,0.8955000395833334
2645000,-0.43425,0.8953021229166667
2650000,-0.411,0.89510420625
2655000,-0.5154,0.8949062895833333
2660000,-0.53685,0.8947083729166667
2665000,-0.4424,0.89451045625
2670000,-0.41225,0.8943125395833333
2675000,-0.43335,0.8941146229166667
2680000,-0.4215,0.89391670625
2685000,-0.42795,0.8937187895833334
2690000,-0.49425,0.8935208729166667
2695000,-0.53055,0.89332295625
2700000,-0.57595,0.8931250395833333
2705000,-0.5633,0.8929271229166666
2710000,-0.4936,0.89272920625
2715000,-0.49815,0.8925312895833334
2720000,-0.5462,0.8923333729166667
2725000,-0.54365,0.89213545625
2730000,-0.52845,0.8919375395833333
2735000,-0.4773,0.8917396229166666
2740000,-0.46965,0.89154170625
2745000,-0.45005,0.8913437895833334
2750000,-0.39955,0.8911458729166667
2755000,-0.38995,0.89094795625
2760000,-0.3978,0.8907500395833333
2765000,-0.43735,0.8905521229166666
2770000,-0.466,0.8903542062500001
2775000,-0.49295,0.8901562895833334
2780000,-0.5363,0.8899583729166667
2785000,-0.57845,0.88976045625
2790000,-0.47905,0.8895625395833333
2795000,-0.44005,0.8893646229166666
2800000,-0.54355,0.88916670625
2805000,-0.49505,0.8889687895833334
2810000,-0.47355,0.8887708729166667
2815000,-0.5511,0.88857295625
2820000,-0.4481,0.8883750395833333
2825000,-0.39505,0.8881771229166666
2830000,-0.46215,0.88797920625
2835000,-0.4661,0.8877812895833334
2840000,-0.47095,0.8875833729166667
2845000,-0.4871,0.88738545625
2850000,-0.4642,0.8871875395833333
2855000,-0.4519,0.8869896229166667
2860000,-0.4613,0.88679170625
2865000,-0.4138,0.8865937895833333
2870000,-0.4083,0.8863958729166667
2875000,-0.48215,0.88619795625
2880000,-0.52225,0.8860000395833333
2885000,-0.55685,0.8858021229166667
2890000,-0.5463,0.88560420625
2895000,-0.531,0.8854062895833333
2900000,-0.4678,0.8852083729166667
2905000,-0.41025,0.88501045625
2910000,-0.46305,0.8848125395833333
2915000,-0.5327,0.8846146229166667
2920000,-0.46145,0.88441670625
2925000,-0.42945,0.8842187895833333
2930000,-0.4739,0.8840208729166666
2935000,-0.43465,0.88382295625
2940000,-0.466,0.8836250395833334
2945000,-0.5646,0.8834271229166667
2950000,-0.55765,0.88322920625
2955000,-0.4682,0.8830312895833333
2960000,-0.48255,0.8828333729166666
2965000,-0.51,0.8826354562500001
2970000,-0.47545,0.8824375395833334
2975000,-0.4433,0.8822396229166667
2980000,-0.4377,0.88204170625
2985000,-0.47415,0.8818437895833333
2990000,-0.4943,0.8816458729166666
2995000,-0.4902,0.8814479562499999
3000000,-0.4804,0.8812500395833334
3005000,-0.45945,0.8810521229166667
3010000,-0.49125,0.88085420625
3015000,-0.5179,0.8806562895833333
3020000,-0.51665,0.8804583729166666
3025000,-0.455,0.88026045625
3030000,-0.4375,0.8800625395833334
3035000,-0.52105,0.8798646229166667
3040000,-0.48985,0.87966670625
3045000,-0.49695,0.8794687895833333
3050000,-0.4469,0.8792708729166667
3055000,-0.39665,0.87907295625
3060000,-0.4681,0.8788750395833334
3065000,-0.46515,0.8786771229166667
3070000,-0.47555,0.87847920625
3075000,-0.4698,0.8782812895833333
3080000,-0.49975,0.8780833729166667
3085000,-0.5902,0.87788545625
3090000,-0.597,0.8776875395833333
3095000,-0.5528,0.8774896229166667
3100000,-0.42975,0.87729170625
3105000,-0.34035,0.8770937895833333
3110000,-0.45405,0.8768958729166667
3115000,-0.5116,0.87669795625
3120000,-0.4873,0.8765000395833333
3125000,-0.4427,0.8763021229166666
3130000,-0.46735,0.87610420625
3135000,-0.4848,0.8759062895833334
3140000,-0.4939,0.8757083729166667
3145000,-0.5453,0.87551045625
3150000,-0.48245,0.8753125395833333
3155000,-0.4548,0.8751146229166666
3160000,-0.4222,0.8749167062500001
3165000,-0.4562,0.8747187895833334
3170000,-0.51945,0.8745208729166667
3175000,-0.4748,0.87432295625
3180000,-0.5122,0.8741250395833333
3185000,-0.5383,0.8739271229166666
3190000,-0.4962,0.87372920625
3195000,-0.48645,0.8735312895833334
3200000,-0.522,0.8733333729166667
3205000,-0.4363,0.87313545625
3210000,-0.42845,0.8729375395833333
3215000,-0.49265,0.8727396229166666
3220000,-0.4607,0.87254170625
3225000,-0.48715,0.8723437895833334
3230000,-0.44705,0.8721458729166667
3235000,-0.41285,0.87194795625
3240000,-0.5503,0.8717500395833333
3245000,-0.5759,0.8715521229166667
3250000,-0.5242,0.8713542062499999
3255000,-0.50715,0.8711562895833334
3260000,-0.4323,0.8709583729166667
3265000,-0.483,0.87076045625
3270000,-0.4998,0.8705625395833333
3275000,-0.45545,0.8703646229166666
3280000,-0.44125,0.87016670625
3285000,-0.4159,0.8699687895833333
3290000,-0.498,0.8697708729166667
3295000,-0.4299,0.86957295625
3300000,-0.41865,0.8693750395833333
3305000,-0.47535,0.8691771229166667
3310000,-0.38675,0.86897920625
3315000,-0.3956,0.8687812895833333
3320000,-0.44335,0.8685833729166667
3325000,-0.46665,0.86838545625
3330000,-0.48945,0.8681875395833334
3335000,-0.5287,0.8679896229166667
3340000,-0.5597,0.86779170625
3345000,-0.53345,0.8675937895833333
3350000,-0.4801,0.8673958729166666
3355000,-0.4812,0.8671979562500001
3360000,-0.50335,0.8670000395833333
3365000,-0.5253,0.8668021229166667
3370000,-0.4018,0.86660420625
3375000,-0.39565,0.8664062895833333
3380000,-0.4694,0.8662083729166666
3385000,-0.4396,0.86601045625
3390000,-0.42585,0.8658125395833334
3395000,-0.44875,0.8656146229166667
3400000,-0.5102,0.86541670625
3405000,-0.51485,0.8652187895833333
3410000,-0.58875,0.8650208729166666
3415000,-0.62835,0.86482295625
3420000,-0.59555,0.8646250395833334
3425000,-0.5204,0.8644271229166667
3430000,-0.46545,0.86422920625
3435000,-0.51105,0.8640312895833333
3440000,-0.55745,0.8638333729166667
3445000,-0.52725,0.8636354562499999
3450000,-0.52915,0.8634375395833334
3455000,-0.49615,0.8632396229166667
3460000,-0.4857,0.86304170625
3465000,-0.54715,0.8628437895833334
3470000,-0.4489,0.8626458729166666
3475000,-0.40735,0.86244795625
3480000,-0.3784,0.8622500395833333
3485000,-0.4361,0.8620521229166667
3490000,-0.51665,0.86185420625
3495000,-0.4878,0.8616562895833333
3500000,-0.47795,0.8614583729166667
3505000,-0.47325,0.86126045625
3510000,-0.47355,0.8610625395833333
3515000,-0.49055,0.8608646229166667
3520000,-0.44985,0.86066670625
3525000,-0.367,0.8604687895833334
3530000,-0.3727,0.8602708729166667
3535000,-0.4435,0.86007295625
3540000,-0.4606,0.8598750395833333
3545000,-0.44425,0.8596771229166666
3550000,-0.485,0.8594792062500001
3555000,-0.4654,0.8592812895833333
3560000,-0.3941,0.8590833729166667
3565000,-0.48125,0.85888545625
3570000,-0.5131,0.8586875395833333
3575000,-0.4705,0.8584896229166666
3580000,-0.5461,0.85829170625
3585000,-0.465,0.8580937895833334
3590000,-0.38785,0.8578958729166667
3595000,-0.42,0.85769795625
3600000,-0.4318,0.8575000395833333
3605000,-0.4594,0.8573021229166666
3610000,-0.39735,0.8571042062500001
3615000,-0.3769,0.8569062895833334
3620000,-0.37735,0.8567083729166667
3625000,-0.30245,0.85651045625
3630000,-0.3152,0.8563125395833333
3635000,-0.4526,0.8561146229166667
3640000,-0.44135,0.85591670625
3645000,-0.4101,0.8557187895833334
3650000,-0.50455,0.8555208729166667
3655000,-0.54065,0.85532295625
3660000,-0.478,0.8551250395833334
3665000,-0.4198,0.8549271229166666
3670000,-0.4755,0.85472920625
3675000,-0.5281,0.8545312895833334
3680000,-0.56345,0.8543333729166667
3685000,-0.50685,0.85413545625
3690000,-0.4373,0.8539375395833333
3695000,-0.37835,0.8537396229166667
3700000,-0.4014,0.85354170625
3705000,-0.4645,0.8533437895833333
3710000,-0.46645,0.8531458729166667
3715000,-0.50405,0.85294795625
3720000,-0.4434,0.8527500395833334
3725000,-0.45225,0.8525521229166667
3730000,-0.50335,0.85235420625
3735000,-0.39205,0.8521562895833333
3740000,-0.42255,0.8519583729166667
3745000,-0.51405,0.8517604562500001
3750000,-0.48675,0.8515625395833333
3755000,-0.4225,0.8513646229166667
3760000,-0.4123,0.85116670625
3765000,-0.48335,0.8509687895833333
3770000,-0.46785,0.8507708729166666
3775000,-0.42005,0.85057295625
3780000,-0.3959,0.8503750395833334
3785000,-0.4773,0.8501771229166667
3790000,-0.58395,0.84997920625
3795000,-0.56655,0.8497812895833333
3800000,-0.48755,0.8495833729166666
3805000,-0.42905,0.8493854562500001
3810000,-0.47075,0.8491875395833334
3815000,-0.44555,0.8489896229166667
3820000,-0.4727,0.84879170625
3825000,-0.50865,0.8485937895833333
3830000,-0.5265,0.8483958729166667
3835000,-0.58815,0.84819795625
3840000,-0.51115,0.8480000395833334
3845000,-0.4778,0.8478021229166667
3850000,-0.45045,0.84760420625
3855000,-0.4395,0.8474062895833333
3860000,-0.52035,0.8472083729166666
3865000,-0.52105,0.84701045625
3870000,-0.48505,0.8468125395833334
3875000,-0.45105,0.8466146229166667
3880000,-0.41375,0.84641670625
3885000,-0.4432,0.8462187895833333
3890000,-0.47805,0.8460208729166667
3895000,-0.5053,0.84582295625
3900000,-0.46675,0.8456250395833333
3905000,-0.41315,0.8454271229166667
3910000,-0.4011,0.84522920625
3915000,-0.4595,0.8450312895833334
3920000,-0.4614,0.8448333729166667
3925000,-0.3784,0.84463545625
3930000,-0.41445,0.8444375395833333
3935000,-0.43715,0.8442396229166667
3940000,-0.4762,0.84404170625
3945000,-0.56435,0.8438437895833334
3950000,-0.5189,0.8436458729166667
3955000,-0.51265,0.84344795625
3960000,-0.49165,0.8432500395833333
3965000,-0.47575,0.8430521229166666
3970000,-0.5207,0.84285420625
3975000,-0.47975,0.8426562895833334
3980000,-0.5145,0.8424583729166667
3985000,-0.5272,0.84226045625
3990000,-0.46135,0.8420625395833333
3995000,-0.3781,0.8418646229166666
4000000,-0.4331,0.8416667062500001
4005000,-0.48505,0.8414687895833334
4010000,-0.3857,0.8412708729166667
4015000,-0.3908,0.84107295625
4020000,-0.5036,0.8408750395833333
4025000,-0.4966,0.8406771229166666
4030000,-0.4954,0.8404792062499999
4035000,-0.5409,0.8402812895833334
4040000,-0.4408,0.8400833729166667
4045000,-0.413,0.83988545625
4050000,-0.4681,0.8396875395833333
4055000,-0.44325,0.8394896229166666
4060000,-0.4494,0.83929170625
4065000,-0.44585,0.8390937895833334
4070000,-0.4497,0.8388958729166667
4075000,-0.46135,0.83869795625
4080000,-0.4003,0.8385000395833333
4085000,-0.4394,0.8383021229166667
4090000,-0.54885,0.83810420625
4095000,-0.56195,0.8379062895833334
4100000,-0.4531,0.8377083729166667
4105000,-0.37765,0.83751045625
4110000,-0.4218,0.8373125395833333
4115000,-0.48355,0.8371146229166666
4120000,-0.521,0.83691670625
4125000,-0.44215,0.8367187895833333
4130000,-0.39115,0.8365208729166667
4135000,-0.3712,0.83632295625
4140000,-0.37245,0.8361250395833333
4145000,-0.3156,0.8359271229166667
4150000,-0.38875,0.83572920625
4155000,-0.53725,0.8355312895833333
4160000,-0.4213,0.8353333729166666
4165000,-0.37395,0.83513545625
4170000,-0.3753,0.8349375395833334
4175000,-0.39595,0.8347396229166667
4180000,-0.5076,0.83454170625
4185000,-0.50995,0.8343437895833333
4190000,-0.49685,0.8341458729166666
4195000,-0.5467,0.8339479562500001
4200000,-0.52745,0.8337500395833333
4205000,-0.505,0.8335521229166667
4210000,-0.4806,0.83335420625
4215000,-0.5018,0.8331562895833333
4220000,-0.55335,0.8329583729166666
4225000,-0.61555,0.83276045625
4230000,-0.62405,0.8325625395833334
4235000,-0.5467,0.8323646229166667
4240000,-0.5068,0.83216670625
4245000,-0.47385,0.8319687895833333
4250000,-0.50185,0.8317708729166666
4255000,-0.49845,0.83157295625
4260000,-0.3734,0.8313750395833334
4265000,-0.36565,0.8311771229166667
4270000,-0.4387,0.83097920625
4275000,-0.4354,0.8307812895833333
4280000,-0.4392,0.8305833729166667
4285000,-0.44285,0.8303854562499999
4290000,-0.4314,0.8301875395833334
4295000,-0.41295,0.8299896229166667
4300000,-0.46215,0.82979170625
4305000,-0.491,0.8295937895833334
4310000,-0.4649,0.8293958729166666
4315000,-0.5294,0.82919795625
4320000,-0.5185,0.8290000395833333
4325000,-0.4723,0.8288021229166667
4330000,-0.524,0.82860420625
4335000,-0.3689,0.8284062895833333
4340000,-0.29285,0.8282083729166667
4345000,-0.4425,0.82801045625
4350000,-0.41215,0.8278125395833333
4355000,-0.42535,0.8276146229166667
4360000,-0.53385,0.82741670625
4365000,-0.4638,0.8272187895833334
4370000,-0.32065,0.8270208729166667
4375000,-0.36245,0.82682295625
4380000,-0.45095,0.8266250395833333
4385000,-0.4732,0.8264271229166666
4390000,-0.43645,0.8262292062500001
4395000,-0.45775,0.8260312895833333
4400000,-0.50185,0.8258333729166667
4405000,-0.5078,0.82563545625
4410000,-0.54775,0.8254375395833333
4415000,-0.5299,0.8252396229166666
4420000,-0.40615,0.82504170625
4425000,-0.33345,0.8248437895833334
4430000,-0.38075,0.8246458729166667
4435000,-0.43435,0.82444795625
4440000,-0.41215,0.8242500395833333
4445000,-0.37485,0.8240521229166666
4450000,-0.42725,0.82385420625
4455000,-0.49255,0.8236562895833334
4460000,-0.5467,0.8234583729166667
4465000,-0.5446,0.82326045625
4470000,-0.4899,0.8230625395833333
4475000,-0.46465,0.8228646229166667
4480000,-0.44945,0.82266670625
4485000,-0.4471,0.8224687895833334
4490000,-0.5144,0.8222708729166667
4495000,-0.46675,0.82207295625
4500000,-0.403,0.8218750395833334
4505000,-0.3984,0.8216771229166666
4510000,-0.4624,0.82147920625
4515000,-0.5018,0.8212812895833334
4520000,-0.48795,0.8210833729166667
4525000,-0.4805,0.82088545625
4530000,-0.45355,0.8206875395833333
4535000,-0.4805,0.8204896229166667
4540000,-0.4798,0.82029170625
4545000,-0.3467,0.8200937895833333
4550000,-0.4084,0.8198958729166667
4555000,-0.5413,0.81969795625
4560000,-0.49365,0.8195000395833334
4565000,-0.50665,0.8193021229166667
4570000,-0.4421,0.81910420625
4575000,-0.44615,0.8189062895833333
4580000,-0.50085,0.8187083729166666
4585000,-0.46525,0.8185104562500001
4590000,-0.5063,0.8183125395833333
4595000,-0.50255,0.8181146229166667
4600000,-0.36435,0.81791670625
4605000,-0.38475,0.8177187895833333
4610000,-0.4542,0.8175208729166668
4615000,-0.4716,0.81732295625
4620000,-0.5301,0.8171250395833334
4625000,-0.48725,0.8169271229166667
4630000,-0.40635,0.81672920625
4635000,-0.347,0.8165312895833333
4640000,-0.44095,0.8163333729166666
4645000,-0.49485,0.8161354562500001
4650000,-0.4671,0.8159375395833334
4655000,-0.46045,0.8157396229166667
4660000,-0.4359,0.81554170625
4665000,-0.45025,0.8153437895833333
4670000,-0.53175,0.8151458729166667
4675000,-0.53605,0.81494795625
4680000,-0.4603,0.8147500395833334
4685000,-0.44375,0.8145521229166667
4690000,-0.4603,0.81435420625
4695000,-0.49315,0.8141562895833334
4700000,-0.46685,0.8139583729166666
4705000,-0.4919,0.81376045625
4710000,-0.4781,0.8135625395833334
4715000,-0.4504,0.8133646229166667
4720000,-0.4755,0.81316670625
4725000,-0.478,0.8129687895833333
4730000,-0.4625,0.8127708729166667
4735000,-0.5017,0.81257295625
4740000,-0.49985,0.8123750395833333
4745000,-0.4082,0.8121771229166667
4750000,-0.42215,0.81197920625
4755000,-0.42845,0.8117812895833334
4760000,-0.4277,0.8115833729166667
4765000,-0.4547,0.81138545625
4770000,-0.4089,0.8111875395833333
4775000,-0.4256,0.8109896229166667
4780000,-0.41515,0.81079170625
4785000,-0.461,0.8105937895833334
4790000,-0.50525,0.8103958729166667
4795000,-0.4835,0.81019795625
4800000,-0.44405,0.8100000395833333
4805000,-0.43795,0.8098021229166666
4810000,-0.48555,0.80960420625
4815000,-0.4675,0.8094062895833334
4820000,-0.50265,0.8092083729166667
4825000,-0.5468,0.80901045625
4830000,-0.4967,0.8088125395833333
4835000,-0.4617,0.8086146229166666
4840000,-0.46855,0.8084167062500001
4845000,-0.45525,0.8082187895833334
4850000,-0.46595,0.8080208729166667
4855000,-0.4206,0.80782295625
4860000,-0.4267,0.8076250395833333
4865000,-0.4645,0.8074271229166666
4870000,-0.44795,0.80722920625
4875000,-0.4167,0.8070312895833334
4880000,-0.3955,0.8068333729166667
4885000,-0.42,0.80663545625
4890000,-0.43225,0.8064375395833333
4895000,-0.4273,0.8062396229166666
4900000,-0.48205,0.80604170625
4905000,-0.4606,0.8058437895833334
4910000,-0.45115,0.8056458729166667
4915000,-0.48595,0.80544795625
4920000,-0.4286,0.8052500395833333
4925000,-0.46635,0.8050521229166667
4930000,-0.5234,0.80485420625
4935000,-0.4313,0.8046562895833334
4940000,-0.3829,0.8044583729166667
4945000,-0.38945,0.80426045625
4950000,-0.37425,0.8040625395833333
4955000,-0.43355,0.8038646229166667
4960000,-0.4952,0.80366670625
4965000,-0.52405,0.8034687895833333
4970000,-0.4209,0.8032708729166667
4975000,-0.44505,0.80307295625
4980000,-0.5682,0.8028750395833333
4985000,-0.5458,0.8026771229166667
4990000,-0.47915,0.80247920625
4995000,-0.40355,0.8022812895833333
5000000,-0.46645,0.8020833729166666
5005000,-0.48085,0.80188545625
5010000,-0.4671,0.8016875395833334
5015000,-0.50125,0.8014896229166667
5020000,-0.45185,0.80129170625
5025000,-0.42415,0.8010937895833333
5030000,-0.4397,0.8008958729166666
5035000,-0.4436,0.8006979562500001
5040000,-0.42665,0.8005000395833334
5045000,-0.40605,0.8003021229166667
5050000,-0.38045,0.80010420625
5055000,-0.4163,0.7999062895833333
5060000,-0.47515,0.7997083729166666
5065000,-0.4386,0.79951045625
5070000,-0.3617,0.7993125395833334
5075000,-0.46025,0.7991146229166667
5080000,-0.549,0.79891670625
5085000,-0.5359,0.7987187895833333
5090000,-0.5734,0.7985208729166666
5095000,-0.4756,0.79832295625
5100000,-0.4179,0.7981250395833334
5105000,-0.43125,0.7979271229166667
5110000,-0.41925,0.79772920625
5115000,-0.44,0.7975312895833333
5120000,-0.4371,0.7973333729166667
5125000,-0.43915,0.7971354562499999
5130000,-0.42165,0.7969375395833334
5135000,-0.441,0.7967396229166667
5140000,-0.4271,0.79654170625
5145000,-0.4106,0.7963437895833334
5150000,-0.4928,0.7961458729166666
5155000,-0.492,0.79594795625
5160000,-0.4542,0.7957500395833333
5165000,-0.4734,0.7955521229166667
5170000,-0.49105,0.79535420625
5175000,-0.4735,0.7951562895833333
5180000,-0.51495,0.7949583729166667
5185000,-0.54015,0.79476045625
5190000,-0.3993,0.7945625395833333
5195000,-0.34625,0.7943646229166667
5200000,-0.407,0.79416670625
5205000,-0.44965,0.7939687895833334
5210000,-0.41655,0.7937708729166667
5215000,-0.3676,0.79357295625
5220000,-0.41895,0.7933750395833333
5225000,-0.50675,0.7931771229166666
5230000,-0.4737,0.7929792062500001
5235000,-0.47575,0.7927812895833333
5240000,-0.54075,0.7925833729166667
5245000,-0.39615,0.79238545625
5250000,-0.40745,0.7921875395833333
5255000,-0.4814,0.7919896229166667
5260000,-0.48965,0.79179170625
5265000,-0.52105,0.7915937895833334
5270000,-0.4156,0.7913958729166667
5275000,-0.38435,0.79119795625
5280000,-0.4091,0.7910000395833333
5285000,-0.4563,0.7908021229166666
5290000,-0.4492,0.79060420625
5295000,-0.4074,0.7904062895833334
5300000,-0.3602,0.7902083729166667
5305000,-0.3795,0.79001045625
5310000,-0.38555,0.7898125395833333
5315000,-0.3895,0.7896146229166667
5320000,-0.46905,0.78941670625
5325000,-0.48265,0.7892187895833334
5330000,-0.498,0.7890208729166667
5335000,-0.45085,0.78882295625
5340000,-0.35285,0.7886250395833334
5345000,-0.33285,0.7884271229166666
5350000,-0.3757,0.78822920625
5355000,-0.4052,0.7880312895833333
5360000,-0.4183,0.7878333729166667
5365000,-0.4034,0.78763545625
5370000,-0.3914,0.7874375395833333
5375000,-0.4795,0.7872396229166667
5380000,-0.51615,0.78704170625
5385000,-0.47265,0.7868437895833333
5390000,-0.38855,0.7866458729166667
5395000,-0.4366,0.78644795625
5400000,-0.56005,0.7862500395833334
5405000,-0.55925,0.7860521229166667
5410000,-0.4671,0.78585420625
5415000,-0.3912,0.7856562895833333
5420000,-0.4145,0.7854583729166666
5425000,-0.41425,0.7852604562500001
5430000,-0.41105,0.7850625395833333
5435000,-0.511,0.7848646229166667
5440000,-0.53645,0.78466670625
5445000,-0.4908,0.7844687895833333
5450000,-0.47925,0.7842708729166668
5455000,-0.4303,0.78407295625
5460000,-0.3842,0.7838750395833334
5465000,-0.31735,0.7836771229166667
5470000,-0.3925,0.78347920625
5475000,-0.45015,0.7832812895833333
5480000,-0.3499,0.7830833729166666
5485000,-0.36835,0.7828854562500001
5490000,-0.43845,0.7826875395833334
5495000,-0.41435,0.7824896229166667
5500000,-0.34535,0.78229170625
5505000,-0.31625,0.7820937895833333
5510000,-0.43305,0.7818958729166667
5515000,-0.55815,0.78169795625
5520000,-0.457,0.7815000395833334
5525000,-0.38345,0.7813021229166667
5530000,-0.44275,0.78110420625
5535000,-0.4709,0.7809062895833334
5540000,-0.45195,0.7807083729166666
5545000,-0.41425,0.78051045625
5550000,-0.3406,0.7803125395833334
5555000,-0.3541,0.7801146229166667
5560000,-0.42645,0.7799167062500001
5565000,-0.4202,0.7797187895833333
5570000,-0.51185,0.7795208729166667
5575000,-0.4953,0.77932295625
5580000,-0.4204,0.7791250395833333
5585000,-0.5122,0.7789271229166667
5590000,-0.54065,0.77872920625
5595000,-0.44575,0.7785312895833334
5600000,-0.4118,0.7783333729166667
5605000,-0.44185,0.77813545625
5610000,-0.49105,0.7779375395833333
5615000,-0.4848,0.7777396229166667
5620000,-0.4454,0.7775417062500001
5625000,-0.438,0.7773437895833334
5630000,-0.44645,0.7771458729166667
5635000,-0.461,0.77694795625
5640000,-0.36865,0.7767500395833333
5645000,-0.4082,0.7765521229166666
5650000,-0.55445,0.77635420625
5655000,-0.5293,0.7761562895833334
5660000,-0.5235,0.7759583729166667
5665000,-0.5195,0.77576045625
5670000,-0.4604,0.7755625395833333
5675000,-0.42825,0.7753646229166666
5680000,-0.4113,0.7751667062500001
5685000,-0.40455,0.7749687895833334
5690000,-0.4318,0.7747708729166667
5695000,-0.40425,0.77457295625
5700000,-0.43905,0.7743750395833333
5705000,-0.50645,0.7741771229166667
5710000,-0.4638,0.77397920625
5715000,-0.4263,0.7737812895833334
5720000,-0.40585,0.7735833729166667
5725000,-0.4177,0.77338545625
5730000,-0.3521,0.7731875395833333
5735000,-0.3144,0.7729896229166666
5740000,-0.3683,0.77279170625
5745000,-0.30235,0.7725937895833334
5750000,-0.34595,0.7723958729166667
5755000,-0.44255,0.77219795625
5760000,-0.46445,0.7720000395833333
5765000,-0.485,0.7718021229166667
5770000,-0.43925,0.77160420625
5775000,-0.4232,0.7714062895833333
5780000,-0.4497,0.7712083729166667
5785000,-0.45695,0.77101045625
5790000,-0.4998,0.7708125395833334
5795000,-0.43795,0.7706146229166667
5800000,-0.3637,0.77041670625
5805000,-0.46285,0.7702187895833333
5810000,-0.44425,0.7700208729166667
5815000,-0.43705,0.76982295625
5820000,-0.55515,0.7696250395833334
5825000,-0.54155,0.7694271229166667
5830000,-0.4701,0.76922920625
5835000,-0.43015,0.7690312895833333
5840000,-0.3978,0.7688333729166666
5845000,-0.4547,0.76863545625
5850000,-0.4703,0.7684375395833334
5855000,-0.4474,0.7682396229166667
5860000,-0.46765,0.76804170625
5865000,-0.41095,0.7678437895833333
5870000,-0.36755,0.7676458729166666
5875000,-0.46315,0.7674479562500001
5880000,-0.4724,0.7672500395833334
5885000,-0.46845,0.7670521229166667
5890000,-0.44285,0.76685420625
5895000,-0.38875,0.7666562895833333
5900000,-0.45425,0.7664583729166666
5905000,-0.4401,0.7662604562499999
5910000,-0.42405,0.7660625395833334
5915000,-0.48245,0.7658646229166667
5920000,-0.5192,0.76566670625
5925000,-0.47775,0.7654687895833333
5930000,-0.45405,0.7652708729166666
5935000,-0.4727,0.76507295625
5940000,-0.4614,0.7648750395833334
5945000,-0.4987,0.7646771229166667
5950000,-0.583,0.76447920625
5955000,-0.36845,0.7642812895833333
5960000,-0.28615,0.7640833729166667
5965000,-0.4274,0.76388545625
5970000,-0.42365,0.7636875395833334
5975000,-0.4423,0.7634896229166667
5980000,-0.4601,0.76329170625
5985000,-0.47425,0.7630937895833334
5990000,-0.4741,0.7628958729166666
5995000,-0.46785,0.76269795625
6000000,-0.44155,0.7625000395833333
6005000,-0.4163,0.7623021229166667
6010000,-0.4446,0.76210420625
6015000,-0.49495,0.7619062895833334
6020000,-0.4747,0.7617083729166667
6025000,-0.4458,0.76151045625
6030000,-0.4387,0.7613125395833333
6035000,-0.41705,0.7611146229166666
6040000,-0.4063,0.7609167062500001
6045000,-0.43675,0.7607187895833334
6050000,-0.4895,0.7605208729166667
6055000,-0.4827,0.76032295625
6060000,-0.4302,0.7601250395833333
6065000,-0.38,0.7599271229166666
6070000,-0.4377,0.7597292062500001
6075000,-0.48815,0.7595312895833334
6080000,-0.4228,0.7593333729166667
6085000,-0.43815,0.75913545625
6090000,-0.50695,0.7589375395833333
6095000,-0.5361,0.7587396229166667
6100000,-0.4934,0.7585417062500001
6105000,-0.46535,0.7583437895833334
6110000,-0.4363,0.7581458729166667
6115000,-0.45775,0.75794795625
6120000,-0.4805,0.7577500395833333
6125000,-0.4927,0.7575521229166667
6130000,-0.53925,0.75735420625
6135000,-0.5016,0.7571562895833334
6140000,-0.47555,0.7569583729166667
6145000,-0.4157,0.75676045625
6150000,-0.3514,0.7565625395833333
6155000,-0.29905,0.7563646229166667
6160000,-0.346,0.75616670625
6165000,-0.4056,0.7559687895833334
6170000,-0.48035,0.7557708729166667
6175000,-0.48975,0.75557295625
6180000,-0.43,0.7553750395833334
6185000,-0.4491,0.7551771229166667
6190000,-0.3921,0.75497920625
6195000,-0.3312,0.7547812895833333
6200000,-0.3298,0.7545833729166667
6205000,-0.4039,0.75438545625
6210000,-0.45435,0.7541875395833334
6215000,-0.4072,0.7539896229166667
6220000,-0.35595,0.75379170625
6225000,-0.41445,0.7535937895833333
6230000,-0.4515,0.7533958729166667
6235000,-0.4643,0.75319795625
6240000,-0.4835,0.7530000395833334
6245000,-0.46195,0.7528021229166667
6250000,-0.3705,0.75260420625
6255000,-0.3009,0.7524062895833333
6260000,-0.35775,0.7522083729166666
6265000,-0.50105,0.7520104562500001
6270000,-0.54155,0.7518125395833334
6275000,-0.4522,0.7516146229166667
6280000,-0.4742,0.75141670625
6285000,-0.44445,0.7512187895833333
6290000,-0.3948,0.7510208729166667
6295000,-0.4123,0.7508229562500001
6300000,-0.3964,0.7506250395833334
6305000,-0.483,0.7504271229166667
6310000,-0.55685,0.75022920625
6315000,-0.54415,0.7500312895833333
6320000,-0.4846,0.7498333729166666
6325000,-0.44215,0.74963545625
6330000,-0.4199,0.7494375395833334
6335000,-0.4619,0.7492396229166667
6340000,-0.50985,0.7490417062500001
6345000,-0.42275,0.7488437895833333
6350000,-0.3939,0.7486458729166667
6355000,-0.44255,0.74844795625
6360000,-0.45725,0.7482500395833334
6365000,-0.44885,0.7480521229166667
6370000,-0.48755,0.74785420625
6375000,-0.5403,0.7476562895833334
6380000,-0.5051,0.7474583729166666
6385000,-0.4261,0.74726045625
6390000,-0.44365,0.7470625395833334
6395000,-0.4964,0.7468646229166667
6400000,-0.49085,0.7466667062500001
6405000,-0.53115,0.7464687895833333
6410000,-0.5853,0.7462708729166667
6415000,-0.50345,0.74607295625
6420000,-0.46075,0.7458750395833333
6425000,-0.3389,0.7456771229166668
6430000,-0.2795,0.74547920625
6435000,-0.4182,0.7452812895833334
6440000,-0.463,0.7450833729166667
6445000,-0.4314,0.74488545625
6450000,-0.46205,0.7446875395833333
6455000,-0.4751,0.7444896229166666
6460000,-0.4643,0.7442917062500001
6465000,-0.5076,0.7440937895833333
6470000,-0.4778,0.7438958729166667
6475000,-0.3472,0.74369795625
6480000,-0.36885,0.7435000395833333
6485000,-0.46645,0.7433021229166668
6490000,-0.4312,0.74310420625
6495000,-0.48295,0.7429062895833334
6500000,-0.53575,0.7427083729166667
6505000,-0.4922,0.74251045625
6510000,-0.48105,0.7423125395833334
6515000,-0.43905,0.7421146229166666
6520000,-0.4098,0.7419167062500001
6525000,-0.4436,0.7417187895833333
6530000,-0.4449,0.7415208729166667
6535000,-0.40825,0.7413229562500001
6540000,-0.3509,0.7411250395833333
6545000,-0.35935,0.7409271229166667
6550000,-0.4396,0.7407292062499999
6555000,-0.4833,0.7405312895833334
6560000,-0.44475,0.7403333729166667
6565000,-0.44755,0.74013545625
6570000,-0.46625,0.7399375395833334
6575000,-0.383,0.7397396229166666
6580000,-0.35485,0.73954170625
6585000,-0.44755,0.7393437895833334
6590000,-0.48565,0.7391458729166667
6595000,-0.44165,0.7389479562500001
6600000,-0.42655,0.7387500395833333
6605000,-0.40375,0.7385521229166667
6610000,-0.40835,0.7383542062499999
6615000,-0.49935,0.7381562895833333
6620000,-0.53325,0.7379583729166668
6625000,-0.416,0.73776045625
6630000,-0.40795,0.7375625395833334
6635000,-0.46295,0.7373646229166666
6640000,-0.3982,0.73716670625
6645000,-0.3922,0.7369687895833335
6650000,-0.47845,0.7367708729166667
6655000,-0.5141,0.7365729562500001
6660000,-0.4735,0.7363750395833333
6665000,-0.4796,0.7361771229166667
6670000,-0.46285,0.73597920625
6675000,-0.47325,0.7357812895833333
6680000,-0.4351,0.7355833729166668
6685000,-0.4026,0.73538545625
6690000,-0.43565,0.7351875395833334
6695000,-0.3914,0.7349896229166666
6700000,-0.4067,0.73479170625
6705000,-0.4568,0.7345937895833334
6710000,-0.35285,0.7343958729166666
6715000,-0.32175,0.7341979562500001
6720000,-0.4079,0.7340000395833333
6725000,-0.42955,0.7338021229166667
6730000,-0.48205,0.7336042062500001
6735000,-0.5569,0.7334062895833333
6740000,-0.5183,0.7332083729166667
6745000,-0.44135,0.7330104562499999
6750000,-0.4941,0.7328125395833334
6755000,-0.4687,0.7326146229166667
6760000,-0.40505,0.73241670625
6765000,-0.4571,0.7322187895833334
6770000,-0.42605,0.7320208729166666
6775000,-0.37445,0.73182295625
6780000,-0.43715,0.7316250395833332
6785000,-0.45245,0.7314271229166667
6790000,-0.346,0.7312292062500001
6795000,-0.3813,0.7310312895833333
6800000,-0.4746,0.7308333729166667
6805000,-0.423,0.7306354562499999
6810000,-0.4368,0.7304375395833334
6815000,-0.4851,0.7302396229166668
6820000,-0.50755,0.73004170625
6825000,-0.53335,0.7298437895833334
6830000,-0.46685,0.7296458729166666
6835000,-0.42365,0.72944795625
6840000,-0.48795,0.7292500395833333
6845000,-0.5106,0.7290521229166667
6850000,-0.44245,0.7288542062500001
6855000,-0.4262,0.7286562895833333
6860000,-0.4249,0.7284583729166667
6865000,-0.38745,0.7282604562499999
6870000,-0.4324,0.7280625395833333
6875000,-0.4522,0.7278646229166668
6880000,-0.45425,0.72766670625
6885000,-0.50145,0.7274687895833334
6890000,-0.4506,0.7272708729166666
6895000,-0.38465,0.72707295625
6900000,-0.41935,0.7268750395833333
6905000,-0.45365,0.7266771229166666
6910000,-0.4619,0.7264792062500001
6915000,-0.5242,0.7262812895833333
6920000,-0.4979,0.7260833729166667
6925000,-0.4487,0.72588545625
6930000,-0.45785,0.7256875395833333
6935000,-0.42825,0.7254896229166667
6940000,-0.45685,0.72529170625
6945000,-0.49115,0.7250937895833334
6950000,-0.41445,0.7248958729166667
6955000,-0.3371,0.72469795625
6960000,-0.4231,0.7245000395833334
6965000,-0.4275,0.7243021229166666
6970000,-0.42685,0.72410420625
6975000,-0.48855,0.7239062895833333
6980000,-0.41555,0.7237083729166667
6985000,-0.3969,0.72351045625
6990000,-0.42925,0.7233125395833333
6995000,-0.4525,0.7231146229166667
7000000,-0.36475,0.7229167062499999
7005000,-0.3402,0.7227187895833334
7010000,-0.36475,0.7225208729166667
7015000,-0.3686,0.72232295625
7020000,-0.46205,0.7221250395833334
7025000,-0.5001,0.7219271229166666
7030000,-0.48075,0.72172920625
7035000,-0.39,0.7215312895833333
7040000,-0.35935,0.7213333729166667
7045000,-0.43615,0.7211354562500001
7050000,-0.3105,0.7209375395833333
7055000,-0.29835,0.7207396229166667
7060000,-0.42705,0.72054170625
7065000,-0.4379,0.7203437895833333
7070000,-0.46155,0.7201458729166667
7075000,-0.47215,0.71994795625
7080000,-0.4797,0.7197500395833334
7085000,-0.4101,0.7195521229166666
7090000,-0.40245,0.71935420625
7095000,-0.4599,0.7191562895833333
7100000,-0.48125,0.7189583729166666
7105000,-0.4631,0.7187604562500001
7110000,-0.4563,0.7185625395833333
7115000,-0.40635,0.7183646229166667
7120000,-0.3877,0.71816670625
7125000,-0.4263,0.7179687895833333
7130000,-0.44055,0.7177708729166666
7135000,-0.4463,0.71757295625
7140000,-0.35605,0.7173750395833334
7145000,-0.36195,0.7171771229166667
7150000,-0.41845,0.71697920625
7155000,-0.38985,0.7167812895833333
7160000,-0.4441,0.7165833729166666
7165000,-0.4451,0.71638545625
7170000,-0.405,0.7161875395833333
7175000,-0.4503,0.7159896229166667
7180000,-0.5033,0.71579170625
7185000,-0.47475,0.7155937895833333
7190000,-0.45775,0.7153958729166667
7195000,-0.4483,0.7151979562499999
7200000,-0.4324,0.7150000395833334
7205000,-0.4916,0.7148021229166667
7210000,-0.5463,0.71460420625
7215000,-0.49425,0.7144062895833333
7220000,-0.4163,0.7142083729166666
7225000,-0.4993,0.71401045625
7230000,-0.48265,0.7138125395833333
7235000,-0.39195,0.7136146229166667
7240000,-0.3394,0.71341670625
7245000,-0.33185,0.7132187895833333
7250000,-0.4362,0.7130208729166667
7255000,-0.4268,0.71282295625
7260000,-0.3882,0.7126250395833333
7265000,-0.43715,0.7124271229166667
7270000,-0.40565,0.71222920625
7275000,-0.3689,0.7120312895833334
7280000,-0.4224,0.7118333729166666
7285000,-0.42805,0.71163545625
7290000,-0.4515,0.7114375395833333
7295000,-0.38595,0.7112396229166666
7300000,-0.3173,0.7110417062500001
7305000,-0.41895,0.7108437895833333
7310000,-0.53555,0.7106458729166667
7315000,-0.51725,0.71044795625
7320000,-0.42655,0.7102500395833333
7325000,-0.42745,0.7100521229166666
7330000,-0.3928,0.70985420625
7335000,-0.41805,0.7096562895833334
7340000,-0.4808,0.7094583729166667
7345000,-0.4568,0.70926045625
7350000,-0.42535,0.7090625395833333
7355000,-0.40145,0.7088646229166666
7360000,-0.4594,0.7086667062500001
7365000,-0.48685,0.7084687895833334
7370000,-0.45375,0.7082708729166667
7375000,-0.4656,0.70807295625
7380000,-0.45525,0.7078750395833333
7385000,-0.4184,0.7076771229166667
7390000,-0.4167,0.7074792062499999
7395000,-0.44265,0.7072812895833334
7400000,-0.45215,0.7070833729166667
7405000,-0.4709,0.70688545625
7410000,-0.458,0.7066875395833333
7415000,-0.4489,0.7064896229166666
7420000,-0.4187,0.70629170625
7425000,-0.3976,0.7060937895833334
7430000,-0.2928,0.7058958729166667
7435000,-0.3027,0.70569795625
7440000,-0.4582,0.7055000395833333
7445000,-0.49605,0.7053021229166667
7450000,-0.4489,0.70510420625
7455000,-0.38565,0.7049062895833333
7460000,-0.34555,0.7047083729166667
7465000,-0.3729,0.70451045625
7470000,-0.43005,0.7043125395833334
7475000,-0.3622,0.7041146229166666
7480000,-0.3362,0.70391670625
7485000,-0.37795,0.7037187895833333
7490000,-0.33065,0.7035208729166667
7495000,-0.3584,0.7033229562500001
7500000,-0.4485,0.7031250395833333
7505000,-0.40775,0.7029271229166667
7510000,-0.36285,0.70272920625
7515000,-0.3976,0.7025312895833333
7520000,-0.44915,0.7023333729166666
7525000,-0.42975,0.70213545625
7530000,-0.3943,0.7019375395833334
7535000,-0.39535,0.7017396229166667
7540000,-0.4331,0.70154170625
7545000,-0.4338,0.7013437895833333
7550000,-0.4064,0.7011458729166666
7555000,-0.4017,0.7009479562500001
7560000,-0.41825,0.7007500395833334
7565000,-0.41765,0.7005521229166667
7570000,-0.45305,0.70035420625
7575000,-0.5064,0.7001562895833333
7580000,-0.45725,0.6999583729166667
7585000,-0.4222,0.6997604562499999
7590000,-0.4083,0.6995625395833334
7595000,-0.41015,0.6993646229166667
7600000,-0.3802,0.69916670625
7605000,-0.36605,0.6989687895833334
7610000,-0.42045,0.6987708729166666
7615000,-0.42905,0.69857295625
7620000,-0.4357,0.6983750395833334
7625000,-0.4709,0.6981771229166667
7630000,-0.51225,0.69797920625
7635000,-0.47075,0.6977812895833333
7640000,-0.474,0.6975833729166667
7645000,-0.4559,0.69738545625
7650000,-0.36155,0.6971875395833333
7655000,-0.41835,0.6969896229166667
7660000,-0.50655,0.69679170625
7665000,-0.5377,0.6965937895833334
7670000,-0.5356,0.6963958729166667
7675000,-0.5444,0.69619795625
7680000,-0.46335,0.6960000395833333
7685000,-0.4356,0.6958021229166667
7690000,-0.4842,0.6956042062500001
7695000,-0.3823,0.6954062895833333
7700000,-0.40005,0.6952083729166667
7705000,-0.409,0.69501045625
7710000,-0.35325,0.6948125395833333
7715000,-0.45665,0.6946146229166668
7720000,-0.48305,0.69441670625
7725000,-0.40135,0.6942187895833334
7730000,-0.3941,0.6940208729166667
7735000,-0.47045,0.69382295625
7740000,-0.51465,0.6936250395833333
7745000,-0.36835,0.6934271229166666
7750000,-0.3536,0.6932292062500001
7755000,-0.43545,0.6930312895833334
7760000,-0.48155,0.6928333729166667
7765000,-0.4914,0.69263545625
7770000,-0.4426,0.6924375395833333
7775000,-0.49075,0.6922396229166667
7780000,-0.4053,0.69204170625
7785000,-0.38305,0.6918437895833334
7790000,-0.43435,0.6916458729166667
7795000,-0.44095,0.69144795625
7800000,-0.4702,0.6912500395833334
7805000,-0.49305,0.6910521229166666
7810000,-0.52335,0.69085420625
7815000,-0.4279,0.6906562895833334
7820000,-0.365,0.6904583729166667
7825000,-0.3742,0.69026045625
7830000,-0.3528,0.6900625395833333
7835000,-0.435,0.6898646229166667
7840000,-0.50455,0.68966670625
7845000,-0.51925,0.6894687895833334
7850000,-0.4943,0.6892708729166667
7855000,-0.4164,0.68907295625
7860000,-0.42915,0.6888750395833334
7865000,-0.47795,0.6886771229166667
7870000,-0.47205,0.68847920625
7875000,-0.42435,0.6882812895833333
7880000,-0.41145,0.6880833729166667
7885000,-0.4046,0.6878854562500001
7890000,-0.4869,0.6876875395833333
7895000,-0.50555,0.6874896229166667
7900000,-0.34795,0.68729170625
7905000,-0.353,0.6870937895833333
7910000,-0.3604,0.6868958729166668
7915000,-0.38965,0.68669795625
7920000,-0.52675,0.6865000395833334
7925000,-0.51775,0.6863021229166667
7930000,-0.4226,0.68610420625
7935000,-0.4879,0.6859062895833333
7940000,-0.4336,0.6857083729166666
7945000,-0.38535,0.6855104562500001
7950000,-0.4901,0.6853125395833334
7955000,-0.49455,0.6851146229166667
7960000,-0.5127,0.68491670625
7965000,-0.50035,0.6847187895833333
7970000,-0.50905,0.6845208729166667
7975000,-0.4574,0.6843229562500001
7980000,-0.43815,0.6841250395833334
7985000,-0.4756,0.6839271229166667
7990000,-0.45175,0.68372920625
7995000,-0.4141,0.6835312895833334
8000000,-0.36015,0.6833333729166666
8005000,-0.3577,0.68313545625
8010000,-0.47525,0.6829375395833334
8015000,-0.4936,0.6827396229166667
8020000,-0.4255,0.6825417062500001
8025000,-0.43985,0.6823437895833333
8030000,-0.47515,0.6821458729166667
8035000,-0.43415,0.68194795625
8040000,-0.36035,0.6817500395833334
8045000,-0.4179,0.6815521229166667
8050000,-0.4373,0.68135420625
8055000,-0.4052,0.6811562895833334
8060000,-0.34845,0.6809583729166667
8065000,-0.41625,0.68076045625
8070000,-0.4908,0.6805625395833333
8075000,-0.38985,0.6803646229166667
8080000,-0.43205,0.6801667062500001
8085000,-0.4203,0.6799687895833334
8090000,-0.40465,0.6797708729166667
8095000,-0.45535,0.67957295625
8100000,-0.45195,0.6793750395833333
8105000,-0.43485,0.6791771229166668
8110000,-0.3559,0.67897920625
8115000,-0.3761,0.6787812895833334
8120000,-0.4555,0.6785833729166667
8125000,-0.42605,0.67838545625
8130000,-0.3698,0.6781875395833333
8135000,-0.3784,0.6779896229166666
8140000,-0.4335,0.6777917062500001
8145000,-0.45115,0.6775937895833334
8150000,-0.3678,0.6773958729166667
8155000,-0.26285,0.67719795625
8160000,-0.3233,0.6770000395833333
8165000,-0.3256,0.6768021229166667
8170000,-0.324,0.6766042062500001
8175000,-0.3751,0.6764062895833334
8180000,-0.3783,0.6762083729166667
8185000,-0.48755,0.67601045625
8190000,-0.47005,0.6758125395833334
8195000,-0.38375,0.6756146229166666
8200000,-0.3838,0.67541670625
8205000,-0.4034,0.6752187895833334
8210000,-0.40085,0.6750208729166667
8215000,-0.38105,0.6748229562500001
8220000,-0.3282,0.6746250395833333
8225000,-0.396,0.6744271229166667
8230000,-0.4732,0.67422920625
8235000,-0.43435,0.6740312895833334
8240000,-0.4059,0.6738333729166667
8245000,-0.45925,0.67363545625
8250000,-0.46845,0.6734375395833334
8255000,-0.36495,0.6732396229166666
8260000,-0.35835,0.67304170625
8265000,-0.36,0.6728437895833334
8270000,-0.35235,0.6726458729166667
8275000,-0.3679,0.6724479562500001
8280000,-0.42525,0.6722500395833333
8285000,-0.42905,0.6720521229166667
8290000,-0.4421,0.67185420625
8295000,-0.4573,0.6716562895833333
8300000,-0.4345,0.6714583729166668
8305000,-0.47275,0.67126045625
8310000,-0.48715,0.6710625395833334
8315000,-0.44705,0.6708646229166667
8320000,-0.433,0.67066670625
8325000,-0.4084,0.6704687895833334
8330000,-0.268,0.6702708729166666
8335000,-0.28525,0.6700729562500001
8340000,-0.4367,0.6698750395833333
8345000,-0.49965,0.6696771229166667
8350000,-0.507,0.66947920625
8355000,-0.44765,0.6692812895833333
8360000,-0.4181,0.6690833729166668
8365000,-0.4561,0.66888545625
8370000,-0.43945,0.6686875395833334
8375000,-0.44845,0.6684896229166667
8380000,-0.44835,0.66829170625
8385000,-0.3906,0.6680937895833334
8390000,-0.34485,0.6678958729166666
8395000,-0.3941,0.6676979562500001
8400000,-0.4342,0.6675000395833333
8405000,-0.4008,0.6673021229166667
8410000,-0.42925,0.6671042062500001
8415000,-0.45535,0.6669062895833333
8420000,-0.40295,0.6667083729166667
8425000,-0.2508,0.6665104562499999
8430000,-0.3139,0.6663125395833334
8435000,-0.4113,0.6661146229166667
8440000,-0.3535,0.66591670625
8445000,-0.3663,0.6657187895833334
8450000,-0.39645,0.6655208729166666
8455000,-0.38725,0.66532295625
8460000,-0.4151,0.6651250395833334
8465000,-0.4845,0.6649271229166667
8470000,-0.4867,0.6647292062500001
8475000,-0.4713,0.6645312895833333
8480000,-0.4838,0.6643333729166667
8485000,-0.47535,0.6641354562499999
8490000,-0.4156,0.6639375395833333
8495000,-0.40705,0.6637396229166668
8500000,-0.39575,0.66354170625
8505000,-0.3771,0.6633437895833334
8510000,-0.3803,0.6631458729166666
8515000,-0.44805,0.66294795625
8520000,-0.4192,0.6627500395833335
8525000,-0.3928,0.6625521229166667
8530000,-0.46235,0.6623542062500001
8535000,-0.4075,0.6621562895833333
8540000,-0.38535,0.6619583729166667
8545000,-0.44435,0.66176045625
8550000,-0.4791,0.6615625395833333
8555000,-0.44,0.6613646229166668
8560000,-0.42165,0.66116670625
8565000,-0.4346,0.6609687895833334
8570000,-0.49965,0.6607708729166666
8575000,-0.45235,0.66057295625
8580000,-0.40095,0.6603750395833334
8585000,-0.4079,0.6601771229166666
8590000,-0.42015,0.6599792062500001
8595000,-0.52335,0.6597812895833333
8600000,-0.4872,0.6595833729166667
8605000,-0.3961,0.6593854562500001
8610000,-0.4157,0.6591875395833333
8615000,-0.4883,0.6589896229166667
8620000,-0.48875,0.6587917062499999
8625000,-0.4747,0.6585937895833334
8630000,-0.43935,0.6583958729166667
8635000,-0.3832,0.65819795625
8640000,-0.40835,0.6580000395833334
8645000,-0.45415,0.6578021229166666
8650000,-0.44515,0.65760420625
8655000,-0.3909,0.6574062895833332
8660000,-0.4294,0.6572083729166667
8665000,-0.35215,0.6570104562500001
8670000,-0.28745,0.6568125395833333
8675000,-0.4176,0.6566146229166667
8680000,-0.40735,0.6564167062499999
8685000,-0.37215,0.6562187895833334
8690000,-0.3792,0.6560208729166668
8695000,-0.4241,0.65582295625
8700000,-0.42825,0.6556250395833334
8705000,-0.4282,0.6554271229166666
8710000,-0.435,0.65522920625
8715000,-0.34245,0.6550312895833333
8720000,-0.30745,0.6548333729166667
8725000,-0.3322,0.6546354562500001
8730000,-0.40305,0.6544375395833333
8735000,-0.38895,0.6542396229166667
8740000,-0.3688,0.65404170625
8745000,-0.41445,0.6538437895833333
8750000,-0.385,0.6536458729166668
8755000,-0.3984,0.65344795625
8760000,-0.4591,0.6532500395833334
8765000,-0.49445,0.6530521229166666
8770000,-0.5074,0.65285420625
8775000,-0.46465,0.6526562895833333
8780000,-0.4832,0.6524583729166666
8785000,-0.48225,0.6522604562500001
8790000,-0.438,0.6520625395833333
8795000,-0.45585,0.6518646229166667
8800000,-0.43515,0.65166670625
8805000,-0.4479,0.6514687895833333
8810000,-0.4236,0.6512708729166667
8815000,-0.36405,0.65107295625
8820000,-0.35655,0.6508750395833334
8825000,-0.40845,0.6506771229166667
8830000,-0.43815,0.65047920625
8835000,-0.4561,0.6502812895833334
8840000,-0.4837,0.6500833729166666
8845000,-0.43745,0.64988545625
8850000,-0.4528,0.6496875395833333
8855000,-0.41,0.6494896229166667
8860000,-0.4203,0.64929170625
8865000,-0.5023,0.6490937895833333
8870000,-0.3927,0.6488958729166667
8875000,-0.3659,0.6486979562499999
8880000,-0.3346,0.6485000395833334
8885000,-0.34285,0.6483021229166667
8890000,-0.4392,0.64810420625
8895000,-0.40945,0.6479062895833334
8900000,-0.44305,0.6477083729166666
8905000,-0.4572,0.64751045625
8910000,-0.46305,0.6473125395833333
8915000,-0.44225,0.6471146229166667
8920000,-0.41825,0.6469167062500001
8925000,-0.46875,0.6467187895833333
8930000,-0.42865,0.6465208729166667
8935000,-0.36755,0.64632295625
8940000,-0.3979,0.6461250395833333
8945000,-0.51405,0.6459271229166667
8950000,-0.3958,0.64572920625
8955000,-0.30775,0.6455312895833334
8960000,-0.36855,0.6453333729166666
8965000,-0.36975,0.64513545625
8970000,-0.4242,0.6449375395833333
8975000,-0.46225,0.6447396229166666
8980000,-0.4337,0.6445417062500001
8985000,-0.41625,0.6443437895833333
8990000,-0.40325,0.6441458729166667
8995000,-0.3807,0.64394795625
9000000,-0.41155,0.6437500395833333
9005000,-0.41815,0.6435521229166666
9010000,-0.3921,0.64335420625
9015000,-0.34165,0.6431562895833334
9020000,-0.31605,0.6429583729166667
9025000,-0.378,0.64276045625
9030000,-0.34575,0.6425625395833333
9035000,-0.3572,0.6423646229166666
9040000,-0.45875,0.64216670625
9045000,-0.4845,0.6419687895833334
9050000,-0.50585,0.6417708729166667
9055000,-0.35055,0.64157295625
9060000,-0.3461,0.6413750395833333
9065000,-0.3958,0.6411771229166667
9070000,-0.3472,0.6409792062499999
9075000,-0.39725,0.6407812895833334
9080000,-0.4042,0.6405833729166667
9085000,-0.42345,0.64038545625
9090000,-0.4792,0.6401875395833334
9095000,-0.4478,0.6399896229166666
9100000,-0.36995,0.63979170625
9105000,-0.3161,0.6395937895833333
9110000,-0.2933,0.6393958729166667
9115000,-0.37895,0.63919795625
9120000,-0.4477,0.6390000395833333
9125000,-0.41555,0.6388021229166667
9130000,-0.39615,0.63860420625
9135000,-0.40125,0.6384062895833333
9140000,-0.4471,0.6382083729166667
9145000,-0.47905,0.63801045625
9150000,-0.42405,0.6378125395833334
9155000,-0.3738,0.6376146229166667
9160000,-0.4323,0.63741670625
9165000,-0.4798,0.6372187895833333
9170000,-0.40285,0.6370208729166666
9175000,-0.3909,0.6368229562500001
9180000,-0.3542,0.6366250395833333
9185000,-0.32835,0.6364271229166667
9190000,-0.3841,0.63622920625
9195000,-0.3901,0.6360312895833333
9200000,-0.43965,0.6358333729166666
9205000,-0.44095,0.63563545625
9210000,-0.36555,0.6354375395833334
9215000,-0.38185,0.6352396229166667
9220000,-0.3658,0.63504170625
9225000,-0.4148,0.6348437895833333
9230000,-0.4072,0.6346458729166666
9235000,-0.2956,0.6344479562500001
9240000,-0.3858,0.6342500395833334
9245000,-0.44145,0.6340521229166667
9250000,-0.4179,0.63385420625
9255000,-0.4821,0.6336562895833333
9260000,-0.5495,0.6334583729166667
9265000,-0.46715,0.6332604562499999
9270000,-0.41735,0.6330625395833334
9275000,-0.4588,0.6328646229166667
9280000,-0.3948,0.63266670625
9285000,-0.3943,0.6324687895833334
9290000,-0.4813,0.6322708729166666
9295000,-0.4976,0.63207295625
9300000,-0.5257,0.6318750395833334
9305000,-0.5155,0.6316771229166667
9310000,-0.499,0.63147920625
9315000,-0.50245,0.6312812895833333
9320000,-0.42455,0.6310833729166667
9325000,-0.4181,0.63088545625
9330000,-0.43785,0.6306875395833333
9335000,-0.39025,0.6304896229166667
9340000,-0.4762,0.63029170625
9345000,-0.4686,0.6300937895833334
9350000,-0.31255,0.6298958729166667
9355000,-0.33565,0.62969795625
9360000,-0.32485,0.6295000395833333
9365000,-0.4081,0.6293021229166667
9370000,-0.5033,0.6291042062500001
9375000,-0.45385,0.6289062895833333
9380000,-0.4086,0.6287083729166667
9385000,-0.3776,0.62851045625
9390000,-0.4369,0.6283125395833333
9395000,-0.46535,0.6281146229166668
9400000,-0.44325,0.62791670625
9405000,-0.3547,0.6277187895833334
9410000,-0.39145,0.6275208729166667
9415000,-0.4765,0.62732295625
9420000,-0.4149,0.6271250395833333
9425000,-0.41025,0.6269271229166666
9430000,-0.458,0.6267292062500001
9435000,-0.42835,0.6265312895833334
9440000,-0.4014,0.6263333729166667
9445000,-0.42985,0.62613545625
9450000,-0.42205,0.6259375395833333
9455000,-0.3824,0.6257396229166667
9460000,-0.32785,0.62554170625
9465000,-0.41365,0.6253437895833334
9470000,-0.50405,0.6251458729166667
9475000,-0.43985,0.62494795625
9480000,-0.4027,0.6247500395833334
9485000,-0.38005,0.6245521229166666
9490000,-0.39535,0.62435420625
9495000,-0.425,0.6241562895833334
9500000,-0.4408,0.6239583729166667
9505000,-0.42915,0.62376045625
9510000,-0.3752,0.6235625395833333
9515000,-0.40735,0.6233646229166667
9520000,-0.51245,0.62316670625
9525000,-0.542,0.6229687895833333
9530000,-0.46085,0.6227708729166667
9535000,-0.45085,0.62257295625
9540000,-0.49185,0.6223750395833334
9545000,-0.45675,0.6221771229166667
9550000,-0.39905,0.62197920625
9555000,-0.4054,0.6217812895833333
9560000,-0.43785,0.6215833729166667
9565000,-0.47655,0.6213854562500001
9570000,-0.48685,0.6211875395833333
9575000,-0.4461,0.6209896229166667
9580000,-0.4782,0.62079170625
9585000,-0.40915,0.6205937895833333
9590000,-0.32505,0.6203958729166668
9595000,-0.39095,0.62019795625
9600000,-0.3979,0.6200000395833334
9605000,-0.3786,0.6198021229166667
9610000,-0.30115,0.61960420625
9615000,-0.30385,0.6194062895833333
9620000,-0.3943,0.6192083729166666
9625000,-0.3556,0.6190104562500001
9630000,-0.3475,0.6188125395833334
9635000,-0.3778,0.6186146229166667
9640000,-0.33345,0.61841670625
9645000,-0.3436,0.6182187895833333
9650000,-0.41155,0.6180208729166667
9655000,-0.41465,0.61782295625
9660000,-0.40505,0.6176250395833334
9665000,-0.3656,0.6174271229166667
9670000,-0.3638,0.61722920625
9675000,-0.36865,0.6170312895833334
9680000,-0.4027,0.6168333729166666
9685000,-0.37425,0.61663545625
9690000,-0.33025,0.6164375395833334
9695000,-0.3776,0.6162396229166667
9700000,-0.3769,0.6160417062500001
9705000,-0.41405,0.6158437895833333
9710000,-0.34495,0.6156458729166667
9715000,-0.2904,0.61544795625
9720000,-0.42705,0.6152500395833334
9725000,-0.35855,0.6150521229166667
9730000,-0.3008,0.61485420625
9735000,-0.26615,0.6146562895833334
9740000,-0.2307,0.6144583729166667
9745000,-0.38945,0.61426045625
9750000,-0.43455,0.6140625395833333
9755000,-0.4036,0.6138646229166667
9760000,-0.4486,0.6136667062500001
9765000,-0.4586,0.6134687895833334
9770000,-0.4692,0.6132708729166667
9775000,-0.4341,0.61307295625
9780000,-0.3888,0.6128750395833333
9785000,-0.3235,0.6126771229166668
9790000,-0.2646,0.61247920625
9795000,-0.3869,0.6122812895833334
9800000,-0.4518,0.6120833729166667
9805000,-0.48905,0.61188545625
9810000,-0.41895,0.6116875395833333
9815000,-0.351,0.6114896229166666
9820000,-0.41225,0.6112917062500001
9825000,-0.4653,0.6110937895833334
9830000,-0.42615,0.6108958729166667
9835000,-0.38165,0.61069795625
9840000,-0.47605,0.6105000395833333
9845000,-0.45685,0.6103021229166667
9850000,-0.4302,0.6101042062500001
9855000,-0.42165,0.6099062895833334
9860000,-0.35905,0.6097083729166667
9865000,-0.4416,0.60951045625
9870000,-0.4371,0.6093125395833334
9875000,-0.47255,0.6091146229166666
9880000,-0.43885,0.60891670625
9885000,-0.38985,0.6087187895833334
9890000,-0.40845,0.6085208729166667
9895000,-0.3923,0.6083229562500001
9900000,-0.43235,0.6081250395833333
9905000,-0.37735,0.6079271229166667
9910000,-0.31885,0.60772920625
9915000,-0.36235,0.6075312895833334
9920000,-0.3929,0.6073333729166667
9925000,-0.3705,0.60713545625
9930000,-0.3792,0.6069375395833334
9935000,-0.41965,0.6067396229166667
9940000,-0.4527,0.60654170625
9945000,-0.3206,0.6063437895833333
9950000,-0.3214,0.6061458729166667
9955000,-0.37225,0.6059479562500001
9960000,-0.40245,0.6057500395833334
9965000,-0.4898,0.6055521229166667
9970000,-0.4862,0.60535420625
9975000,-0.4551,0.6051562895833333
9980000,-0.42025,0.6049583729166668
9985000,-0.39045,0.60476045625
9990000,-0.4027,0.6045625395833334
9995000,-0.4786,0.6043646229166667
10000000,-0.42525,0.60416670625
10005000,-0.2681,0.6039687895833334
10010000,-0.2315,0.6037708729166666
10015000,-0.31735,0.6035729562500001
10020000,-0.3877,0.6033750395833334
10025000,-0.3356,0.6031771229166667
10030000,-0.273,0.60297920625
10035000,-0.2534,0.6027812895833333
10040000,-0.3052,0.6025833729166667
10045000,-0.3408,0.6023854562500001
10050000,-0.3605,0.6021875395833334
10055000,-0.4094,0.6019896229166667
10060000,-0.3635,0.60179170625
10065000,-0.31635,0.6015937895833334
10070000,-0.31395,0.6013958729166666
10075000,-0.4109,0.60119795625
10080000,-0.46765,0.6010000395833334
10085000,-0.3261,0.6008021229166667
10090000,-0.3124,0.6006042062500001
10095000,-0.37165,0.6004062895833333
10100000,-0.3242,0.6002083729166667
10105000,-0.3563,0.60001045625
10110000,-0.36425,0.5998125395833334
10115000,-0.3527,0.5996146229166667
10120000,-0.40645,0.59941670625
10125000,-0.41225,0.5992187895833334
10130000,-0.3793,0.5990208729166666
10135000,-0.40805,0.59882295625
10140000,-0.36625,0.5986250395833334
10145000,-0.36325,0.5984271229166667
10150000,-0.42615,0.5982292062500001
10155000,-0.41615,0.5980312895833333
10160000,-0.37525,0.5978333729166667
10165000,-0.30245,0.59763545625
10170000,-0.37765,0.5974375395833333
10175000,-0.4869,0.5972396229166668
10180000,-0.45705,0.59704170625
10185000,-0.3925,0.5968437895833334
10190000,-0.3923,0.5966458729166667
10195000,-0.4677,0.59644795625
10200000,-0.432,0.5962500395833334
10205000,-0.37775,0.5960521229166666
10210000,-0.4388,0.5958542062500001
10215000,-0.396,0.5956562895833333
10220000,-0.32915,0.5954583729166667
10225000,-0.30935,0.59526045625
10230000,-0.33775,0.5950625395833333
10235000,-0.4338,0.5948646229166668
10240000,-0.4306,0.59466670625
10245000,-0.36675,0.5944687895833334
10250000,-0.3534,0.5942708729166667
10255000,-0.32105,0.59407295625
10260000,-0.35465,0.5938750395833334
10265000,-0.4182,0.5936771229166666
10270000,-0.3532,0.5934792062500001
10275000,-0.3575,0.5932812895833333
10280000,-0.35255,0.5930833729166667
10285000,-0.3529,0.5928854562500001
10290000,-0.41465,0.5926875395833333
10295000,-0.39795,0.5924896229166667
10300000,-0.3929,0.5922917062499999
10305000,-0.3843,0.5920937895833334
10310000,-0.37265,0.5918958729166668
10315000,-0.29685,0.59169795625
10320000,-0.39725,0.5915000395833334
10325000,-0.46105,0.5913021229166666
10330000,-0.3146,0.59110420625
10335000,-0.3245,0.5909062895833334
10340000,-0.3503,0.5907083729166667
10345000,-0.316,0.5905104562500001
10350000,-0.38345,0.5903125395833333
10355000,-0.3661,0.5901146229166667
10360000,-0.38445,0.5899167062499999
10365000,-0.4118,0.5897187895833333
10370000,-0.35365,0.5895208729166668
10375000,-0.37425,0.58932295625
10380000,-0.4117,0.5891250395833334
10385000,-0.5009,0.5889271229166666
10390000,-0.51595,0.58872920625
10395000,-0.5032,0.5885312895833335
10400000,-0.4447,0.5883333729166667
10405000,-0.28985,0.5881354562500001
10410000,-0.29685,0.5879375395833333
10415000,-0.43705,0.5877396229166667
10420000,-0.37115,0.58754170625
10425000,-0.2868,0.5873437895833333
10430000,-0.3182,0.5871458729166668
10435000,-0.32695,0.58694795625
10440000,-0.31565,0.5867500395833334
10445000,-0.3698,0.5865521229166666
10450000,-0.397,0.58635420625
10455000,-0.381,0.5861562895833334
10460000,-0.3856,0.5859583729166666
10465000,-0.4096,0.5857604562500001
10470000,-0.44805,0.5855625395833333
10475000,-0.43475,0.5853646229166667
10480000,-0.345,0.5851667062500001
10485000,-0.3639,0.5849687895833333
10490000,-0.4478,0.5847708729166667
10495000,-0.3956,0.5845729562499999
10500000,-0.3214,0.5843750395833334
10505000,-0.34995,0.5841771229166667
10510000,-0.4159,0.58397920625
10515000,-0.4361,0.5837812895833334
10520000,-0.36955,0.5835833729166666
10525000,-0.2794,0.58338545625
10530000,-0.2518,0.5831875395833334
10535000,-0.32375,0.5829896229166667
10540000,-0.4051,0.5827917062500001
10545000,-0.36785,0.5825937895833333
10550000,-0.39305,0.5823958729166667
10555000,-0.3714,0.5821979562499999
10560000,-0.2961,0.5820000395833334
10565000,-0.3457,0.5818021229166668
10570000,-0.37615,0.58160420625
10575000,-0.31115,0.5814062895833334
10580000,-0.30125,0.5812083729166666
10585000,-0.35625,0.58101045625
10590000,-0.3467,0.5808125395833333
10595000,-0.31775,0.5806146229166667
10600000,-0.35655,0.5804167062500001
10605000,-0.3097,0.5802187895833333
10610000,-0.21125,0.5800208729166667
10615000,-0.25195,0.57982295625
10620000,-0.32165,0.5796250395833333
10625000,-0.3772,0.5794271229166668
10630000,-0.41335,0.57922920625
10635000,-0.392,0.5790312895833334
10640000,-0.40265,0.5788333729166666
10645000,-0.4168,0.57863545625
10650000,-0.40395,0.5784375395833333
10655000,-0.4002,0.5782396229166666
10660000,-0.38205,0.5780417062500001
10665000,-0.3829,0.5778437895833333
10670000,-0.3544,0.5776458729166667
10675000,-0.28685,0.57744795625
10680000,-0.29345,0.5772500395833333
10685000,-0.35815,0.5770521229166667
10690000,-0.36225,0.57685420625
10695000,-0.39495,0.5766562895833334
10700000,-0.4174,0.5764583729166667
10705000,-0.3502,0.57626045625
10710000,-0.3855,0.5760625395833334
10715000,-0.39815,0.5758646229166666
10720000,-0.3711,0.57566670625
10725000,-0.3594,0.5754687895833334
10730000,-0.3879,0.5752708729166667
10735000,-0.39505,0.57507295625
10740000,-0.37595,0.5748750395833333
10745000,-0.383,0.5746771229166667
10750000,-0.38145,0.5744792062499999
10755000,-0.4095,0.5742812895833334
10760000,-0.40175,0.5740833729166667
10765000,-0.41145,0.57388545625
10770000,-0.3473,0.5736875395833334
10775000,-0.2918,0.5734896229166666
10780000,-0.26605,0.57329170625
10785000,-0.309,0.5730937895833333
10790000,-0.38185,0.5728958729166667
10795000,-0.34005,0.5726979562500001
10800000,-0.3482,0.5725000395833333
10805000,-0.32455,0.5723021229166667
10810000,-0.33275,0.57210420625
10815000,-0.3844,0.5719062895833333
10820000,-0.3705,0.5717083729166667
10825000,-0.39415,0.57151045625
10830000,-0.41445,0.5713125395833334
10835000,-0.3821,0.5711146229166667
10840000,-0.3729,0.57091670625
10845000,-0.3478,0.5707187895833333
10850000,-0.3381,0.5705208729166666
10855000,-0.3983,0.5703229562500001
10860000,-0.39475,0.5701250395833333
10865000,-0.34135,0.5699271229166667
10870000,-0.3026,0.56972920625
10875000,-0.2947,0.5695312895833333
10880000,-0.3074,0.5693333729166666
10885000,-0.32305,0.56913545625
10890000,-0.3147,0.5689375395833334
10895000,-0.4121,0.5687396229166667
10900000,-0.2921,0.56854170625
10905000,-0.21395,0.5683437895833333
10910000,-0.3609,0.5681458729166666
10915000,-0.3562,0.56794795625
10920000,-0.3552,0.5677500395833334
10925000,-0.4221,0.5675521229166667
10930000,-0.4437,0.56735420625
10935000,-0.3902,0.5671562895833333
10940000,-0.4118,0.5669583729166667
10945000,-0.44185,0.5667604562499999
10950000,-0.42305,0.5665625395833334
10955000,-0.43715,0.5663646229166667
10960000,-0.42705,0.56616670625
10965000,-0.30685,0.5659687895833334
10970000,-0.36215,0.5657708729166666
10975000,-0.40635,0.56557295625
10980000,-0.36005,0.5653750395833333
10985000,-0.3391,0.5651771229166667
10990000,-0.37755,0.56497920625
10995000,-0.464,0.5647812895833333
11000000,-0.45395,0.5645833729166667
11005000,-0.44675,0.56438545625
11010000,-0.44875,0.5641875395833333
11015000,-0.44905,0.5639896229166667
11020000,-0.3895,0.56379170625
11025000,-0.3288,0.5635937895833334
11030000,-0.36635,0.5633958729166667
11035000,-0.39695,0.56319795625
11040000,-0.3828,0.5630000395833333
11045000,-0.39285,0.5628021229166666
11050000,-0.38795,0.5626042062500001
11055000,-0.3458,0.5624062895833333
11060000,-0.3718,0.5622083729166667
11065000,-0.377,0.56201045625
11070000,-0.351,0.5618125395833333
11075000,-0.34285,0.5616146229166668
11080000,-0.37915,0.56141670625
11085000,-0.41895,0.5612187895833334
11090000,-0.40395,0.5610208729166667
11095000,-0.42015,0.56082295625
11100000,-0.3852,0.5606250395833333
11105000,-0.3316,0.5604271229166666
11110000,-0.3202,0.5602292062500001
11115000,-0.3364,0.5600312895833334
11120000,-0.38685,0.5598333729166667
11125000,-0.3891,0.55963545625
11130000,-0.3644,0.5594375395833333
11135000,-0.35385,0.5592396229166667
11140000,-0.33055,0.55904170625
11145000,-0.3415,0.5588437895833334
11150000,-0.4081,0.5586458729166667
11155000,-0.3893,0.55844795625
11160000,-0.32875,0.5582500395833334
11165000,-0.3351,0.5580521229166666
11170000,-0.31075,0.55785420625
11175000,-0.31335,0.5576562895833334
11180000,-0.39,0.5574583729166667
11185000,-0.39105,0.55726045625
11190000,-0.36325,0.5570625395833333
11195000,-0.44305,0.5568646229166667
11200000,-0.45005,0.55666670625
11205000,-0.3901,0.5564687895833333
11210000,-0.35385,0.5562708729166667
11215000,-0.39255,0.55607295625
11220000,-0.4267,0.5558750395833334
11225000,-0.3394,0.5556771229166667
11230000,-0.3664,0.55547920625
11235000,-0.4129,0.5552812895833333
11240000,-0.31695,0.5550833729166667
11245000,-0.3065,0.5548854562500001
11250000,-0.40005,0.5546875395833333
11255000,-0.34775,0.5544896229166667
11260000,-0.34265,0.55429170625
11265000,-0.3688,0.5540937895833333
11270000,-0.3802,0.5538958729166668
11275000,-0.49315,0.55369795625
11280000,-0.4583,0.5535000395833334
11285000,-0.30675,0.5533021229166667
11290000,-0.19855,0.55310420625
11295000,-0.16365,0.5529062895833333
11300000,-0.2143,0.5527083729166666
11305000,-0.2641,0.5525104562500001
11310000,-0.32585,0.5523125395833334
11315000,-0.2916,0.5521146229166667
11320000,-0.2652,0.55191670625
11325000,-0.33255,0.5517187895833333
11330000,-0.383,0.5515208729166667
11335000,-0.3649,0.55132295625
11340000,-0.29655,0.5511250395833334
11345000,-0.2614,0.5509271229166667
11350000,-0.2841,0.55072920625
11355000,-0.3765,0.5505312895833334
11360000,-0.4404,0.5503333729166666
11365000,-0.4335,0.55013545625
11370000,-0.4048,0.5499375395833334
11375000,-0.40575,0.5497396229166667
11380000,-0.40715,0.5495417062500001
11385000,-0.3759,0.5493437895833333
11390000,-0.27025,0.5491458729166667
11395000,-0.3045,0.54894795625
11400000,-0.37355,0.5487500395833333
11405000,-0.37745,0.5485521229166667
11410000,-0.32715,0.54835420625
11415000,-0.24665,0.5481562895833334
11420000,-0.3587,0.5479583729166667
11425000,-0.41545,0.54776045625
11430000,-0.32005,0.5475625395833333
11435000,-0.2639,0.5473646229166667
11440000,-0.2445,0.5471667062500001
11445000,-0.3015,0.5469687895833334
11450000,-0.3394,0.5467708729166667
11455000,-0.33645,0.54657295625
11460000,-0.41545,0.5463750395833333
11465000,-0.3949,0.5461771229166668
11470000,-0.307,0.54597920625
11475000,-0.3933,0.5457812895833334
11480000,-0.3781,0.5455833729166667
11485000,-0.3417,0.54538545625
11490000,-0.3798,0.5451875395833333
11495000,-0.29565,0.5449896229166666
11500000,-0.25085,0.5447917062500001
11505000,-0.3234,0.5445937895833334
11510000,-0.41215,0.5443958729166667
11515000,-0.3697,0.54419795625
11520000,-0.35085,0.5440000395833333
11525000,-0.34125,0.5438021229166667
11530000,-0.29605,0.54360420625
11535000,-0.36945,0.5434062895833334
11540000,-0.3618,0.5432083729166667
11545000,-0.33975,0.54301045625
11550000,-0.415,0.5428125395833334
11555000,-0.4154,0.5426146229166666
11560000,-0.3215,0.54241670625
11565000,-0.33,0.5422187895833334
11570000,-0.34565,0.5420208729166667
11575000,-0.35565,0.5418229562500001
11580000,-0.4042,0.5416250395833333
11585000,-0.4237,0.5414271229166667
11590000,-0.45185,0.54122920625
11595000,-0.3045,0.5410312895833334
11600000,-0.2411,0.5408333729166667
11605000,-0.32785,0.54063545625
11610000,-0.3177,0.5404375395833334
11615000,-0.30575,0.5402396229166667
11620000,-0.29655,0.54004170625
11625000,-0.29,0.5398437895833333
11630000,-0.39065,0.5396458729166667
11635000,-0.50665,0.5394479562500001
11640000,-0.47775,0.5392500395833334
11645000,-0.40535,0.5390521229166667
11650000,-0.37415,0.53885420625
11655000,-0.38025,0.5386562895833333
11660000,-0.4451,0.5384583729166668
11665000,-0.43755,0.53826045625
11670000,-0.3901,0.5380625395833334
11675000,-0.3713,0.5378646229166667
11680000,-0.3126,0.53766670625
11685000,-0.3324,0.5374687895833334
11690000,-0.2694,0.5372708729166666
11695000,-0.23445,0.5370729562500001
11700000,-0.3747,0.5368750395833334
11705000,-0.33475,0.5366771229166667
11710000,-0.3053,0.53647920625
11715000,-0.31355,0.5362812895833333
11720000,-0.2412,0.5360833729166667
11725000,-0.33615,0.5358854562500001
11730000,-0.3777,0.5356875395833334
11735000,-0.3423,0.5354896229166667
11740000,-0.3965,0.53529170625
11745000,-0.42925,0.5350937895833334
11750000,-0.37125,0.5348958729166667
11755000,-0.34765,0.53469795625
11760000,-0.3973,0.5345000395833334
11765000,-0.37035,0.5343021229166667
11770000,-0.39445,0.5341042062500001
11775000,-0.42325,0.5339062895833333
11780000,-0.3202,0.5337083729166667
11785000,-0.24755,0.53351045625
11790000,-0.278,0.5333125395833334
11795000,-0.34135,0.5331146229166667
11800000,-0.3505,0.53291670625
11805000,-0.3491,0.5327187895833334
11810000,-0.34615,0.5325208729166667
11815000,-0.32445,0.53232295625
11820000,-0.36215,0.5321250395833333
11825000,-0.3572,0.5319271229166667
11830000,-0.3167,0.5317292062500001
11835000,-0.353,0.5315312895833334
11840000,-0.3603,0.5313333729166667
11845000,-0.34735,0.53113545625
11850000,-0.3732,0.5309375395833333
11855000,-0.41715,0.5307396229166668
11860000,-0.36895,0.53054170625
11865000,-0.3804,0.5303437895833334
11870000,-0.42325,0.5301458729166667
11875000,-0.3562,0.52994795625
11880000,-0.3796,0.5297500395833334
11885000,-0.3786,0.5295521229166666
11890000,-0.3887,0.5293542062500001
11895000,-0.39715,0.5291562895833334
11900000,-0.34465,0.5289583729166667
11905000,-0.37635,0.52876045625
11910000,-0.3653,0.5285625395833333
11915000,-0.2896,0.5283646229166667
11920000,-0.32435,0.5281667062500001
11925000,-0.34805,0.5279687895833334
11930000,-0.3466,0.5277708729166667
11935000,-0.31335,0.52757295625
11940000,-0.274,0.5273750395833334
11945000,-0.2893,0.5271771229166666
11950000,-0.29895,0.52697920625
11955000,-0.3445,0.5267812895833334
11960000,-0.33465,0.5265833729166667
11965000,-0.36035,0.5263854562500001
11970000,-0.36295,0.5261875395833333
11975000,-0.29715,0.5259896229166667
11980000,-0.27605,0.52579170625
11985000,-0.26385,0.5255937895833334
11990000,-0.2642,0.5253958729166668
11995000,-0.31465,0.52519795625
12000000,-0.2934,0.5250000395833334
12005000,-0.29015,0.5248021229166666
12010000,-0.34705,0.52460420625
12015000,-0.353,0.5244062895833334
12020000,-0.39245,0.5242083729166667
12025000,-0.4008,0.52401045625
12030000,-0.4129,0.5238125395833334
12035000,-0.3335,0.5236146229166667
12040000,-0.31665,0.5234167062499999
12045000,-0.3782,0.5232187895833333
12050000,-0.3813,0.5230208729166668
12055000,-0.41365,0.52282295625
12060000,-0.4047,0.5226250395833333
12065000,-0.3609,0.5224271229166667
12070000,-0.2795,0.52222920625
12075000,-0.2741,0.5220312895833333
12080000,-0.3676,0.5218333729166666
12085000,-0.3899,0.5216354562500001
12090000,-0.34765,0.5214375395833333
12095000,-0.3009,0.5212396229166667
12100000,-0.3534,0.5210417062500001
12105000,-0.43495,0.5208437895833333
12110000,-0.30595,0.5206458729166666
12115000,-0.2634,0.5204479562500001
12120000,-0.3524,0.5202500395833334
12125000,-0.3526,0.5200521229166666
12130000,-0.3536,0.51985420625
12135000,-0.3945,0.5196562895833334
12140000,-0.3714,0.5194583729166666
12145000,-0.3258,0.5192604562500001
12150000,-0.36065,0.5190625395833334
12155000,-0.36855,0.5188646229166667
12160000,-0.36905,0.51866670625
12165000,-0.35365,0.5184687895833334
12170000,-0.33465,0.5182708729166667
12175000,-0.4158,0.5180729562499999
12180000,-0.38525,0.5178750395833334
12185000,-0.29215,0.5176771229166668
12190000,-0.3475,0.51747920625
12195000,-0.32365,0.5172812895833333
12200000,-0.29985,0.5170833729166667
12205000,-0.3567,0.51688545625
12210000,-0.34375,0.5166875395833334
12215000,-0.3618,0.5164896229166667
12220000,-0.40975,0.5162917062500001
12225000,-0.4327,0.5160937895833333
12230000,-0.4404,0.5158958729166667
12235000,-0.3733,0.51569795625
12240000,-0.39355,0.5155000395833333
12245000,-0.407,0.5153021229166667
12250000,-0.38915,0.5151042062500001
12255000,-0.35385,0.5149062895833334
12260000,-0.2766,0.5147083729166666
12265000,-0.16975,0.51451045625
12270000,-0.17475,0.5143125395833335
12275000,-0.32735,0.5141146229166667
12280000,-0.33925,0.51391670625
12285000,-0.2544,0.5137187895833334
12290000,-0.17605,0.5135208729166667
12295000,-0.2383,0.51332295625
12300000,-0.3417,0.5131250395833333
12305000,-0.3329,0.5129271229166668
12310000,-0.31555,0.51272920625
12315000,-0.4272,0.5125312895833334
12320000,-0.4451,0.5123333729166667
12325000,-0.3552,0.51213545625
12330000,-0.33635,0.5119375395833333
12335000,-0.414,0.5117396229166667
12340000,-0.39435,0.5115417062500001
12345000,-0.32365,0.5113437895833333
12350000,-0.33335,0.5111458729166667
12355000,-0.36245,0.5109479562500001
12360000,-0.3811,0.5107500395833333
12365000,-0.31145,0.5105521229166666
12370000,-0.3034,0.51035420625
12375000,-0.34665,0.5101562895833334
12380000,-0.2982,0.5099583729166667
12385000,-0.2995,0.50976045625
12390000,-0.33265,0.5095625395833334
12395000,-0.32705,0.5093646229166666
12400000,-0.34875,0.50916670625
12405000,-0.3215,0.5089687895833335
12410000,-0.36935,0.5087708729166667
12415000,-0.4185,0.50857295625
12420000,-0.3646,0.5083750395833334
12425000,-0.439,0.5081771229166667
12430000,-0.39735,0.5079792062499999
12435000,-0.3421,0.5077812895833334
12440000,-0.40125,0.5075833729166668
12445000,-0.32855,0.50738545625
12450000,-0.34005,0.5071875395833334
12455000,-0.3666,0.5069896229166667
12460000,-0.3712,0.50679170625
12465000,-0.36405,0.5065937895833333
12470000,-0.2912,0.5063958729166668
12475000,-0.33305,0.5061979562500001
12480000,-0.36985,0.5060000395833333
12485000,-0.4115,0.5058021229166667
12490000,-0.42455,0.5056042062500001
12495000,-0.3546,0.5054062895833333
12500000,-0.2901,0.5052083729166666
12505000,-0.35055,0.5050104562500001
12510000,-0.4166,0.5048125395833334
12515000,-0.4153,0.5046146229166667
12520000,-0.41465,0.50441670625
12525000,-0.3687,0.5042187895833334
12530000,-0.345,0.5040208729166666
12535000,-0.34195,0.5038229562500001
12540000,-0.28585,0.5036250395833334
12545000,-0.2876,0.5034271229166667
12550000,-0.35305,0.50322920625
12555000,-0.337,0.5030312895833334
12560000,-0.32965,0.5028333729166667
12565000,-0.28805,0.50263545625
12570000,-0.2988,0.5024375395833334
12575000,-0.37795,0.5022396229166668
12580000,-0.40405,0.50204170625
12585000,-0.3443,0.5018437895833333
12590000,-0.4127,0.5016458729166667
12595000,-0.5186,0.50144795625
12600000,-0.43215,0.5012500395833334
12605000,-0.3952,0.5010521229166667
12610000,-0.334,0.5008542062500001
12615000,-0.31755,0.5006562895833333
12620000,-0.36605,0.5004583729166667
12625000,-0.2973,0.50026045625
12630000,-0.31305,0.5000625395833334
12635000,-0.38575,0.49986462291666667
12640000,-0.39555,0.49966670625
12645000,-0.36545,0.4994687895833334
12650000,-0.296,0.4992708729166667
12655000,-0.32105,0.49907295625000003
12660000,-0.3922,0.49887503958333335
12665000,-0.37315,0.49867712291666666
12670000,-0.40665,0.49847920625
12675000,-0.33855,0.4982812895833334
12680000,-0.25025,0.4980833729166667
12685000,-0.32565,0.49788545625
12690000,-0.3743,0.49768753958333334
12695000,-0.3763,0.49748962291666676
12700000,-0.39965,0.4972917062500001
12705000,-0.35935,0.4970937895833333
12710000,-0.3399,0.4968958729166667
12715000,-0.3714,0.49669795625
12720000,-0.36645,0.49650003958333333
12725000,-0.2818,0.49630212291666664
12730000,-0.2962,0.49610420625000007
12735000,-0.38095,0.4959062895833334
12740000,-0.3124,0.4957083729166667
12745000,-0.32645,0.49551045625
12750000,-0.3703,0.4953125395833333
12755000,-0.306,0.49511462291666664
12760000,-0.2432,0.49491670625000006
12765000,-0.2496,0.4947187895833334
12770000,-0.366,0.4945208729166667
12775000,-0.34295,0.49432295625
12780000,-0.31905,0.4941250395833334
12785000,-0.35255,0.49392712291666674
12790000,-0.35085,0.49372920624999994
12795000,-0.3471,0.49353128958333337
12800000,-0.3305,0.4933333729166667
12805000,-0.35915,0.49313545625
12810000,-0.3614,0.4929375395833333
12815000,-0.37425,0.49273962291666673
12820000,-0.3281,0.49254170625000004
12825000,-0.32595,0.49234378958333336
12830000,-0.3552,0.4921458729166668
12835000,-0.3172,0.49194795625
12840000,-0.36275,0.4917500395833333
12845000,-0.4015,0.4915521229166667
12850000,-0.3857,0.49135420625000004
12855000,-0.37245,0.49115628958333335
12860000,-0.32215,0.49095837291666666
12865000,-0.3088,0.4907604562500001
12870000,-0.33085,0.4905625395833334
12875000,-0.27625,0.4903646229166667
12880000,-0.3013,0.49016670625000003
12885000,-0.3222,0.48996878958333334
12890000,-0.26795,0.48977087291666666
12895000,-0.22145,0.48957295624999997
12900000,-0.24065,0.4893750395833334
12905000,-0.2827,0.4891771229166667
12910000,-0.2619,0.48897920625
12915000,-0.3168,0.48878128958333344
12920000,-0.29795,0.48858337291666665
12925000,-0.2883,0.48838545624999996
12930000,-0.3662,0.4881875395833334
12935000,-0.39085,0.4879896229166667
12940000,-0.3608,0.48779170625
12945000,-0.339,0.4875937895833333
12950000,-0.33935,0.48739587291666675
12955000,-0.2871,0.48719795625000006
12960000,-0.3074,0.4870000395833334
12965000,-0.3014,0.4868021229166667
12970000,-0.32475,0.48660420625
12975000,-0.41905,0.4864062895833333
12980000,-0.3566,0.48620837291666663
12985000,-0.2784,0.48601045625000006
12990000,-0.3642,0.48581253958333337
12995000,-0.4101,0.4856146229166667
13000000,-0.37035,0.4854167062500001
13005000,-0.3745,0.4852187895833334
13010000,-0.2461,0.4850208729166666
13015000,-0.21145,0.48482295624999994
13020000,-0.29125,0.48462503958333336
13025000,-0.3343,0.4844271229166667
13030000,-0.4181,0.48422920625
13035000,-0.39515,0.4840312895833334
13040000,-0.3283,0.4838333729166667
13045000,-0.24125,0.48363545625000004
13050000,-0.296,0.48343753958333335
13055000,-0.382,0.48323962291666667
13060000,-0.33255,0.48304170625
13065000,-0.3592,0.4828437895833333
13070000,-0.3327,0.4826458729166667
13075000,-0.27675,0.48244795625000003
13080000,-0.30765,0.48225003958333335
13085000,-0.3118,0.48205212291666677
13090000,-0.3886,0.4818542062500001
13095000,-0.3544,0.4816562895833333
13100000,-0.2305,0.4814583729166666
13105000,-0.24255,0.48126045625
13110000,-0.28485,0.48106253958333334
13115000,-0.39005,0.48086462291666665
13120000,-0.44275,0.4806667062500001
13125000,-0.4268,0.4804687895833334
13130000,-0.3811,0.4802708729166667
13135000,-0.38,0.4800729562500001
13140000,-0.3813,0.47987503958333333
13145000,-0.3714,0.47967712291666664
13150000,-0.3976,0.47947920624999996
13155000,-0.34975,0.4792812895833334
13160000,-0.31115,0.4790833729166667
13165000,-0.29735,0.47888545625
13170000,-0.2694,0.47868753958333343
13175000,-0.2323,0.47848962291666675
13180000,-0.2102,0.47829170625000006
13185000,-0.3441,0.47809378958333326
13190000,-0.4311,0.4778958729166667
13195000,-0.30285,0.47769795625
13200000,-0.2615,0.4775000395833333
13205000,-0.2872,0.47730212291666674
13210000,-0.26,0.47710420625000005
13215000,-0.2906,0.47690628958333336
13220000,-0.41435,0.4767083729166668
13225000,-0.3583,0.47651045625
13230000,-0.2523,0.4763125395833333
13235000,-0.2706,0.4761146229166666
13240000,-0.2844,0.47591670625000004
13245000,-0.3597,0.47571878958333336
13250000,-0.3752,0.47552087291666667
13255000,-0.371,0.4753229562500001
13260000,-0.3796,0.4751250395833334
13265000,-0.35695,0.4749271229166667
13270000,-0.3457,0.4747292062499999
13275000,-0.33565,0.47453128958333335
13280000,-0.32975,0.47433337291666666
13285000,-0.37195,0.47413545625
13290000,-0.4008,0.4739375395833334
13295000,-0.28595,0.4737396229166667
13300000,-0.2421,0.47354170625
13305000,-0.3025,0.47334378958333345
13310000,-0.305,0.47314587291666677
13315000,-0.32555,0.47294795624999997
13320000,-0.3371,0.4727500395833333
13325000,-0.3892,0.4725521229166667
13330000,-0.4418,0.47235420625
13335000,-0.39755,0.47215628958333333
13340000,-0.30565,0.47195837291666676
13345000,-0.2677,0.47176045625000007
13350000,-0.3352,0.4715625395833334
13355000,-0.3815,0.4713646229166667
13360000,-0.1957,0.47116670625
13365000,-0.0249,0.4709687895833333
13370000,-0.18315,0.47077087291666664
13375000,-0.3807,0.47057295625000006
13380000,-0.34795,0.4703750395833334
13385000,-0.24685,0.4701771229166667
13390000,-0.31465,0.46997920625
13395000,-0.39845,0.46978128958333343
13400000,-0.34975,0.46958337291666663
13405000,-0.3586,0.46938545624999994
13410000,-0.3418,0.46918753958333337
13415000,-0.30835,0.4689896229166667
13420000,-0.27215,0.46879170625
13425000,-0.27015,0.4685937895833334
13430000,-0.31785,0.46839587291666673
13435000,-0.374,0.46819795625000005
13440000,-0.36325,0.46800003958333336
13445000,-0.2721,0.4678021229166667
13450000,-0.3137,0.46760420625
13455000,-0.2902,0.4674062895833333
13460000,-0.22605,0.4672083729166667
13465000,-0.30705,0.46701045625000004
13470000,-0.35965,0.46681253958333335
13475000,-0.34575,0.46661462291666667
13480000,-0.30865,0.4664167062500001
13485000,-0.2466,0.4662187895833334
13490000,-0.1845,0.4660208729166666
13495000,-0.2659,0.46582295625000003
13500000,-0.3393,0.46562503958333334
13505000,-0.3017,0.46542712291666666
13510000,-0.31015,0.4652292062500001
13515000,-0.34605,0.4650312895833334
13520000,-0.28515,0.4648333729166667
13525000,-0.2481,0.46463545625
13530000,-0.29555,0.46443753958333334
13535000,-0.2705,0.46423962291666665
13540000,-0.29655,0.46404170624999996
13545000,-0.3529,0.4638437895833334
13550000,-0.37835,0.4636458729166667
13555000,-0.35995,0.46344795625
13560000,-0.3301,0.46325003958333333
13565000,-0.3038,0.46305212291666675
13570000,-0.3387,0.46285420625000007
13575000,-0.2805,0.46265628958333327
13580000,-0.2001,0.4624583729166667
13585000,-0.3328,0.46226045625
13590000,-0.39805,0.4620625395833333
13595000,-0.3395,0.46186462291666674
13600000,-0.27195,0.46166670625000006
13605000,-0.2214,0.46146878958333337
13610000,-0.32205,0.4612708729166667
13615000,-0.3409,0.4610729562500001
13620000,-0.30615,0.4608750395833333
13625000,-0.33305,0.4606771229166666
13630000,-0.27655,0.46047920625000005
13635000,-0.2384,0.46028128958333336
13640000,-0.25465,0.4600833729166667
13645000,-0.26815,0.45988545625
13650000,-0.24935,0.4596875395833334
13655000,-0.26055,0.45948962291666673
13660000,-0.31215,0.45929170625000004
13665000,-0.35295,0.45909378958333336
13670000,-0.37025,0.45889587291666667
13675000,-0.2881,0.45869795625
13680000,-0.2351,0.4585000395833334
13685000,-0.2362,0.4583021229166667
13690000,-0.3106,0.45810420625000003
13695000,-0.4323,0.45790628958333335
13700000,-0.41365,0.4577083729166668
13705000,-0.37015,0.45751045625
13710000,-0.31215,0.4573125395833333
13715000,-0.30685,0.4571146229166667
13720000,-0.31565,0.45691670625
13725000,-0.26365,0.45671878958333334
13730000,-0.32435,0.45652087291666665
13735000,-0.38395,0.4563229562500001
13740000,-0.3372,0.4561250395833334
13745000,-0.3371,0.4559271229166667
13750000,-0.35195,0.45572920625
13755000,-0.34665,0.45553128958333333
13760000,-0.3317,0.45533337291666665
13765000,-0.3222,0.45513545624999996
13770000,-0.3325,0.4549375395833334
13775000,-0.3522,0.4547396229166667
13780000,-0.3895,0.45454170625
13785000,-0.3434,0.45434378958333344
13790000,-0.26855,0.45414587291666675
13795000,-0.23565,0.45394795624999995
13800000,-0.2193,0.4537500395833334
13805000,-0.27445,0.4535521229166667
13810000,-0.30595,0.45335420625
13815000,-0.30055,0.4531562895833333
13820000,-0.3504,0.45295837291666674
13825000,-0.46215,0.45276045625000005
13830000,-0.41505,0.45256253958333337
13835000,-0.33525,0.4523646229166667
13840000,-0.37115,0.45216670625
13845000,-0.3627,0.4519687895833333
13850000,-0.39825,0.4517708729166666
13855000,-0.3931,0.45157295625000005
13860000,-0.30185,0.45137503958333336
13865000,-0.3077,0.4511771229166667
13870000,-0.37895,0.4509792062500001
13875000,-0.34925,0.4507812895833334
13880000,-0.3393,0.4505833729166666
13885000,-0.3402,0.45038545625000004
13890000,-0.24605,0.45018753958333335
13895000,-0.27395,0.44998962291666667
13900000,-0.34475,0.44979170625
13905000,-0.19275,0.4495937895833334
13910000,-0.18865,0.4493958729166667
13915000,-0.3527,0.44919795625000003
13920000,-0.29215,0.44900003958333345
13925000,-0.25685,0.44880212291666666
13930000,-0.3429,0.44860420624999997
13935000,-0.3279,0.4484062895833333
13940000,-0.2904,0.4482083729166667
13945000,-0.32385,0.44801045625
13950000,-0.2094,0.44781253958333334
13955000,-0.2605,0.44761462291666676
13960000,-0.4511,0.4474167062500001
13965000,-0.41475,0.4472187895833334
13970000,-0.37025,0.4470208729166667
13975000,-0.3741,0.44682295625
13980000,-0.33295,0.4466250395833333
13985000,-0.257,0.44642712291666664
13990000,-0.2708,0.44622920625000007
13995000,-0.3265,0.4460312895833334
14000000,-0.30805,0.4458333729166667
14005000,-0.3265,0.4456354562500001
14010000,-0.39505,0.4454375395833333
14015000,-0.3293,0.44523962291666663
14020000,-0.3543,0.44504170624999995
14025000,-0.44925,0.44484378958333337
14030000,-0.385,0.4446458729166667
14035000,-0.31395,0.44444795625
14040000,-0.23095,0.4442500395833334
14045000,-0.21865,0.44405212291666674
14050000,-0.3512,0.44385420625000005
14055000,-0.3721,0.44365628958333336
14060000,-0.31075,0.4434583729166667
14065000,-0.27215,0.44326045625
14070000,-0.2797,0.4430625395833333
14075000,-0.3156,0.44286462291666673
14080000,-0.2437,0.44266670625000004
14085000,-0.26985,0.44246878958333336
14090000,-0.275,0.4422708729166668
14095000,-0.1611,0.4420729562500001
14100000,-0.1974,0.4418750395833333
14105000,-0.2729,0.4416771229166666
14110000,-0.24575,0.44147920625000003
14115000,-0.30615,0.44128128958333335
14120000,-0.4256,0.44108337291666666
14125000,-0.4163,0.4408854562500001
14130000,-0.35525,0.4406875395833334
14135000,-0.34755,0.4404896229166667
14140000,-0.30625,0.44029170625
14145000,-0.2706,0.44009378958333334
14150000,-0.3346,0.43989587291666665
14155000,-0.38565,0.43969795624999997
14160000,-0.39965,0.4395000395833334
14165000,-0.34575,0.4393021229166667
14170000,-0.3232,0.43910420625
14175000,-0.3458,0.43890628958333344
14180000,-0.3158,0.43870837291666676
14185000,-0.27965,0.43851045624999996
14190000,-0.23565,0.43831253958333327
14195000,-0.2486,0.4381146229166667
14200000,-0.3068,0.43791670625
14205000,-0.30585,0.4377187895833333
14210000,-0.26805,0.43752087291666675
14215000,-0.25205,0.43732295625000006
14220000,-0.26655,0.4371250395833334
14225000,-0.33845,0.4369271229166667
14230000,-0.3554,0.43672920625
14235000,-0.2879,0.4365312895833333
14240000,-0.23965,0.43633337291666663
14245000,-0.276,0.43613545625000005
14250000,-0.3419,0.43593753958333337
14255000,-0.2821,0.4357396229166667
14260000,-0.3107,0.4355417062500001
14265000,-0.3101,0.4353437895833334
14270000,-0.29385,0.43514587291666673
14275000,-0.37245,0.43494795624999993
14280000,-0.2621,0.43475003958333336
14285000,-0.2671,0.43455212291666667
14290000,-0.38685,0.43435420625
14295000,-0.42115,0.4341562895833334
14300000,-0.44085,0.4339583729166667
14305000,-0.3571,0.43376045625000004
14310000,-0.20635,0.43356253958333335
14315000,-0.1476,0.43336462291666666
14320000,-0.27295,0.43316670625
14325000,-0.3354,0.4329687895833333
14330000,-0.2736,0.4327708729166667
14335000,-0.218,0.43257295625000003
14340000,-0.23505,0.43237503958333334
14345000,-0.2865,0.43217712291666677
14350000,-0.3236,0.4319792062500001
14355000,-0.3049,0.4317812895833334
14360000,-0.2996,0.4315833729166666
14365000,-0.33785,0.43138545625
14370000,-0.342,0.43118753958333333
14375000,-0.37965,0.43098962291666665
14380000,-0.4082,0.4307917062500001
14385000,-0.3202,0.4305937895833334
14390000,-0.272,0.4303958729166667
14395000,-0.2922,0.43019795625
14400000,-0.35075,0.43000003958333344
14405000,-0.35825,0.42980212291666664
14410000,-0.29015,0.42960420624999995
14415000,-0.28095,0.4294062895833334
14420000,-0.35825,0.4292083729166667
14425000,-0.373,0.42901045625
14430000,-0.34855,0.42881253958333343
14435000,-0.38695,0.42861462291666674
14440000,-0.42485,0.42841670625000006
14445000,-0.4409,0.42821878958333337
14450000,-0.37255,0.4280208729166667
14455000,-0.2948,0.42782295625
14460000,-0.28225,0.4276250395833333
14465000,-0.35025,0.42742712291666674
14470000,-0.3322,0.42722920625000005
14475000,-0.1972,0.42703128958333336
14480000,-0.21835,0.4268333729166667
14485000,-0.31895,0.4266354562500001
14490000,-0.32815,0.4264375395833333
14495000,-0.2908,0.4262396229166666
14500000,-0.29505,0.42604170625000004
14505000,-0.3273,0.42584378958333335
14510000,-0.27635,0.42564587291666667
14515000,-0.2279,0.42544795625
14520000,-0.25145,0.4252500395833334
14525000,-0.33985,0.4250521229166667
14530000,-0.34015,0.42485420625000003
14535000,-0.34205,0.42465628958333335
14540000,-0.2917,0.42445837291666666
14545000,-0.26345,0.42426045625
14550000,-0.34015,0.4240625395833334
14555000,-0.28475,0.4238646229166667
14560000,-0.29855,0.42366670625
14565000,-0.324,0.42346878958333334
14570000,-0.2871,0.42327087291666676
14575000,-0.3054,0.4230729562500001
14580000,-0.37475,0.4228750395833333
14585000,-0.3611,0.4226771229166667
14590000,-0.2596,0.42247920625
14595000,-0.22795,0.42228128958333333
14600000,-0.2208,0.42208337291666664
14605000,-0.2687,0.42188545625000007
14610000,-0.29805,0.4216875395833334
14615000,-0.30955,0.4214896229166667
14620000,-0.34915,0.42129170625
14625000,-0.2859,0.4210937895833333
14630000,-0.2402,0.42089587291666664
14635000,-0.2926,0.42069795625000006
14640000,-0.3051,0.4205000395833334
14645000,-0.32185,0.4203021229166667
14650000,-0.32905,0.42010420625
14655000,-0.3014,0.4199062895833334
14660000,-0.26905,0.41970837291666674
14665000,-0.25395,0.41951045624999994
14670000,-0.2557,0.41931253958333337
14675000,-0.28785,0.4191146229166667
14680000,-0.3474,0.41891670625
14685000,-0.32895,0.4187187895833333
14690000,-0.31085,0.41852087291666673
14695000,-0.3588,0.41832295625000004
14700000,-0.3813,0.41812503958333336
14705000,-0.3772,0.4179271229166668
14710000,-0.3772,0.41772920625
14715000,-0.29295,0.4175312895833333
14720000,-0.26475,0.4173333729166667
14725000,-0.29605,0.41713545625000004
14730000,-0.26315,0.41693753958333335
14735000,-0.27195,0.41673962291666666
14740000,-0.3019,0.4165417062500001
14745000,-0.2868,0.4163437895833334
14750000,-0.31515,0.4161458729166667
14755000,-0.39885,0.41594795625000003
14760000,-0.40595,0.41575003958333334
14765000,-0.4287,0.41555212291666666
14770000,-0.3507,0.41535420624999997
14775000,-0.26255,0.4151562895833334
14780000,-0.3583,0.4149583729166667
14785000,-0.3363,0.41476045625
14790000,-0.31535,0.41456253958333344
14795000,-0.32225,0.41436462291666665
14800000,-0.30215,0.41416670624999996
14805000,-0.3409,0.4139687895833334
14810000,-0.32075,0.4137708729166667
14815000,-0.30155,0.41357295625
14820000,-0.3099,0.4133750395833333
14825000,-0.2809,0.41317712291666675
14830000,-0.2742,0.41297920625000006
14835000,-0.342,0.4127812895833334
14840000,-0.31495,0.4125833729166667
14845000,-0.335,0.41238545625
14850000,-0.3857,0.4121875395833333
14855000,-0.31015,0.41198962291666663
14860000,-0.29845,0.41179170625000006
14865000,-0.2885,0.41159378958333337
14870000,-0.24215,0.4113958729166667
14875000,-0.2832,0.4111979562500001
14880000,-0.38395,0.4110000395833334
14885000,-0.37505,0.4108021229166666
14890000,-0.3444,0.41060420624999994
14895000,-0.31135,0.41040628958333336
14900000,-0.25295,0.4102083729166667
14905000,-0.29705,0.41001045625
14910000,-0.354,0.4098125395833334
14915000,-0.31515,0.4096146229166667
14920000,-0.3281,0.40941670625000004
14925000,-0.33305,0.40921878958333335
14930000,-0.33085,0.40902087291666667
14935000,-0.30635,0.40882295625
14940000,-0.24995,0.4086250395833333
14945000,-0.26865,0.4084271229166667
14950000,-0.29935,0.40822920625000003
14955000,-0.3437,0.40803128958333335
14960000,-0.32825,0.40783337291666677
14965000,-0.33505,0.4076354562500001
14970000,-0.3434,0.4074375395833333
14975000,-0.2679,0.4072396229166666
14980000,-0.26385,0.40704170625
14985000,-0.34515,0.40684378958333334
14990000,-0.3437,0.40664587291666665
14995000,-0.33655,0.4064479562500001
15000000,-0.35045,0.4062500395833334
15005000,-0.3196,0.4060521229166667
15010000,-0.267,0.4058542062500001
15015000,-0.2943,0.40565628958333333
15020000,-0.33905,0.40545837291666664
15025000,-0.3459,0.40526045624999996
15030000,-0.27675,0.4050625395833334
15035000,-0.31075,0.4048646229166667
15040000,-0.36955,0.40466670625
15045000,-0.27005,0.40446878958333343
15050000,-0.26645,0.40427087291666675
15055000,-0.2958,0.40407295625000006
15060000,-0.25425,0.40387503958333326
15065000,-0.1659,0.4036771229166667
15070000,-0.2075,0.40347920625
15075000,-0.32615,0.4032812895833333
15080000,-0.35565,0.40308337291666674
15085000,-0.2855,0.40288545625000005
15090000,-0.22855,0.40268753958333336
15095000,-0.28565,0.4024896229166668
15100000,-0.33845,0.4022917062500001
15105000,-0.31785,0.4020937895833333
15110000,-0.25745,0.4018958729166666
15115000,-0.2736,0.40169795625000004
15120000,-0.31205,0.40150003958333336
15125000,-0.3218,0.40130212291666667
15130000,-0.3469,0.4011042062500001
15135000,-0.34175,0.4009062895833334
15140000,-0.35475,0.4007083729166667
15145000,-0.3735,0.40051045625000004
15150000,-0.2959,0.40031253958333335
15155000,-0.20235,0.40011462291666666
15160000,-0.29645,0.39991670625
15165000,-0.3561,0.3997187895833334
15170000,-0.25265,0.3995208729166667
15175000,-0.29305,0.39932295625
15180000,-0.3187,0.39912503958333345
15185000,-0.29165,0.39892712291666677
15190000,-0.34735,0.39872920624999997
15195000,-0.33695,0.3985312895833333
15200000,-0.3615,0.3983333729166667
15205000,-0.3611,0.39813545625
15210000,-0.309,0.39793753958333333
15215000,-0.32515,0.39773962291666676
15220000,-0.27485,0.39754170625000007
15225000,-0.23915,0.3973437895833334
15230000,-0.23375,0.3971458729166667
15235000,-0.28535,0.39694795625
15240000,-0.33305,0.3967500395833333
15245000,-0.31775,0.39655212291666664
15250000,-0.32245,0.39635420625000006
15255000,-0.34865,0.3961562895833334
15260000,-0.37915,0.3959583729166667
15265000,-0.3065,0.39576045625
15270000,-0.28285,0.39556253958333343
15275000,-0.3429,0.39536462291666674
15280000,-0.37305,0.39516670624999994
15285000,-0.33225,0.39496878958333337
15290000,-0.35505,0.3947708729166667
15295000,-0.37065,0.39457295625
15300000,-0.33845,0.3943750395833334
15305000,-0.2835,0.39417712291666673
15310000,-0.28455,0.39397920625000005
15315000,-0.3621,0.39378128958333336
15320000,-0.26215,0.3935833729166667
15325000,-0.22305,0.39338545625
15330000,-0.2845,0.3931875395833333
15335000,-0.30955,0.3929896229166667
15340000,-0.35565,0.39279170625000004
15345000,-0.38345,0.39259378958333335
15350000,-0.34415,0.39239587291666667
15355000,-0.26115,0.3921979562500001
15360000,-0.19215,0.3920000395833334
15365000,-0.23125,0.3918021229166666
15370000,-0.3368,0.39160420625000003
15375000,-0.32445,0.39140628958333334
15380000,-0.30475,0.39120837291666666
15385000,-0.25225,0.3910104562500001
15390000,-0.2682,0.3908125395833334
15395000,-0.25765,0.3906146229166667
15400000,-0.19895,0.39041670625
15405000,-0.3372,0.39021878958333345
15410000,-0.4021,0.39002087291666665
15415000,-0.3499,0.38982295624999996
15420000,-0.34185,0.3896250395833334
15425000,-0.32195,0.3894271229166667
15430000,-0.32085,0.38922920625
15435000,-0.36805,0.38903128958333333
15440000,-0.3432,0.38883337291666675
15445000,-0.3565,0.38863545625000007
15450000,-0.35,0.3884375395833334
15455000,-0.2982,0.3882396229166667
15460000,-0.32625,0.38804170625
15465000,-0.34385,0.3878437895833333
15470000,-0.33455,0.38764587291666674
15475000,-0.3267,0.38744795625000006
15480000,-0.26605,0.38725003958333337
15485000,-0.2899,0.3870521229166667
15490000,-0.31075,0.3868542062500001
15495000,-0.2572,0.3866562895833333
15500000,-0.30595,0.3864583729166666
15505000,-0.2943,0.38626045625000005
15510000,-0.2225,0.38606253958333336
15515000,-0.25095,0.3858646229166667
15520000,-0.2534,0.38566670625
15525000,-0.30395,0.3854687895833334
15530000,-0.43035,0.38527087291666673
15535000,-0.37155,0.38507295625000004
15540000,-0.29885,0.38487503958333336
15545000,-0.3574,0.38467712291666667
15550000,-0.3329,0.38447920625
15555000,-0.2825,0.3842812895833334
15560000,-0.2796,0.3840833729166667
15565000,-0.2504,0.38388545625000003
15570000,-0.23285,0.38368753958333335
15575000,-0.23565,0.3834896229166668
15580000,-0.2858,0.3832917062500001
15585000,-0.307,0.3830937895833333
15590000,-0.31065,0.3828958729166667
15595000,-0.27875,0.38269795625
15600000,-0.17115,0.38250003958333334
15605000,-0.2494,0.38230212291666665
15610000,-0.34205,0.3821042062500001
15615000,-0.3372,0.3819062895833334
15620000,-0.39885,0.3817083729166667
15625000,-0.3672,0.38151045625
15630000,-0.2743,0.38131253958333333
15635000,-0.33155,0.38111462291666665
15640000,-0.3607,0.38091670624999996
15645000,-0.36705,0.3807187895833334
15650000,-0.3187,0.3805208729166667
15655000,-0.2214,0.38032295625
15660000,-0.2679,0.38012503958333344
15665000,-0.21165,0.37992712291666675
15670000,-0.2166,0.37972920624999995
15675000,-0.2911,0.3795312895833334
15680000,-0.28665,0.3793333729166667
15685000,-0.25775,0.37913545625
15690000,-0.30425,0.3789375395833333
15695000,-0.3502,0.37873962291666674
15700000,-0.25915,0.37854170625000005
15705000,-0.2814,0.37834378958333337
15710000,-0.28615,0.3781458729166668
15715000,-0.22875,0.37794795625
15720000,-0.1805,0.3777500395833333
15725000,-0.2445,0.3775521229166666
15730000,-0.2807,0.37735420625000005
15735000,-0.2446,0.37715628958333336
15740000,-0.3249,0.3769583729166667
15745000,-0.31865,0.3767604562500001
15750000,-0.2463,0.3765625395833334
15755000,-0.27005,0.3763646229166667
15760000,-0.2118,0.37616670625000004
15765000,-0.23,0.37596878958333335
15770000,-0.3749,0.37577087291666667
15775000,-0.36045,0.37557295625
15780000,-0.30425,0.3753750395833334
15785000,-0.32185,0.3751771229166667
15790000,-0.35215,0.37497920625000003
15795000,-0.2841,0.37478128958333345
15800000,-0.2359,0.37458337291666666
15805000,-0.2833,0.37438545624999997
15810000,-0.31965,0.3741875395833333
15815000,-0.27675,0.3739896229166667
15820000,-0.29205,0.37379170625
15825000,-0.3075,0.37359378958333334
15830000,-0.19135,0.37339587291666676
15835000,-0.2738,0.3731979562500001
15840000,-0.4503,0.3730000395833334
15845000,-0.36695,0.3728021229166667
15850000,-0.33365,0.37260420625
15855000,-0.3236,0.3724062895833333
15860000,-0.2528,0.37220837291666664
15865000,-0.33505,0.37201045625000007
15870000,-0.29535,0.3718125395833334
15875000,-0.21815,0.3716146229166667
15880000,-0.36325,0.3714167062500001
15885000,-0.42745,0.37121878958333343
15890000,-0.35975,0.37102087291666663
15895000,-0.3027,0.37082295624999995
15900000,-0.23635,0.37062503958333337
15905000,-0.1829,0.3704271229166667
15910000,-0.1891,0.37022920625
15915000,-0.2355,0.3700312895833334
15920000,-0.2517,0.36983337291666674
15925000,-0.33135,0.36963545625000005
15930000,-0.3766,0.36943753958333336
15935000,-0.3631,0.3692396229166667
15940000,-0.35005,0.36904170625
15945000,-0.31525,0.3688437895833333
15950000,-0.30355,0.36864587291666673
15955000,-0.2165,0.36844795625000004
15960000,-0.23065,0.36825003958333336
15965000,-0.34515,0.3680521229166668
15970000,-0.2555,0.3678542062500001
15975000,-0.1926,0.3676562895833333
15980000,-0.26955,0.3674583729166666
15985000,-0.1948,0.36726045625000003
15990000,-0.1611,0.36706253958333335
15995000,-0.23785,0.36686462291666666
16000000,-0.259,0.3666667062500001
16005000,-0.232,0.3664687895833334
16010000,-0.2595,0.3662708729166667
16015000,-0.25485,0.36607295625
16020000,-0.27255,0.36587503958333334
16025000,-0.343,0.36567712291666665
16030000,-0.37185,0.36547920624999997
16035000,-0.3261,0.3652812895833334
16040000,-0.2809,0.3650833729166667
16045000,-0.2377,0.36488545625
16050000,-0.2591,0.36468753958333344
16055000,-0.3805,0.36448962291666676
16060000,-0.32105,0.36429170625000007
16065000,-0.24475,0.36409378958333327
16070000,-0.2662,0.3638958729166667
16075000,-0.2223,0.36369795625
16080000,-0.20455,0.3635000395833333
16085000,-0.21195,0.36330212291666675
16090000,-0.29175,0.36310420625000006
16095000,-0.34845,0.3629062895833334
16100000,-0.28055,0.3627083729166667
16105000,-0.28725,0.36251045625
16110000,-0.27275,0.3623125395833333
16115000,-0.2548,0.36211462291666663
16120000,-0.25895,0.36191670625000005
16125000,-0.2598,0.36171878958333337
16130000,-0.242,0.3615208729166667
16135000,-0.23915,0.3613229562500001
16140000,-0.30785,0.3611250395833334
16145000,-0.325,0.36092712291666673
16150000,-0.31095,0.36072920624999993
16155000,-0.2996,0.36053128958333336
16160000,-0.29115,0.36033337291666667
16165000,-0.3187,0.36013545625
16170000,-0.32845,0.3599375395833334
16175000,-0.3229,0.3597396229166667
16180000,-0.31965,0.35954170625000004
16185000,-0.29645,0.35934378958333335
16190000,-0.31945,0.3591458729166668
16195000,-0.32435,0.35894795625
16200000,-0.3074,0.3587500395833333
16205000,-0.2606,0.3585521229166667
16210000,-0.24955,0.35835420625000003
16215000,-0.29515,0.35815628958333334
16220000,-0.26165,0.35795837291666677
16225000,-0.2644,0.3577604562500001
16230000,-0.3191,0.3575625395833334
16235000,-0.2921,0.3573646229166667
16240000,-0.26275,0.35716670625
16245000,-0.3395,0.35696878958333333
16250000,-0.2895,0.35677087291666665
16255000,-0.25285,0.3565729562500001
16260000,-0.3358,0.3563750395833334
16265000,-0.2374,0.3561771229166667
16270000,-0.21015,0.35597920625
16275000,-0.25525,0.35578128958333344
16280000,-0.23685,0.35558337291666664
16285000,-0.3097,0.35538545624999995
16290000,-0.33285,0.3551875395833334
16295000,-0.3007,0.3549896229166667
16300000,-0.3595,0.35479170625
16305000,-0.4267,0.35459378958333343
16310000,-0.37345,0.35439587291666674
16315000,-0.316,0.35419795625000006
16320000,-0.367,0.35400003958333337
16325000,-0.4201,0.3538021229166667
16330000,-0.26795,0.35360420625
16335000,-0.18175,0.3534062895833333
16340000,-0.2174,0.35320837291666674
16345000,-0.281,0.35301045625000005
16350000,-0.3164,0.35281253958333336
16355000,-0.2721,0.3526146229166667
16360000,-0.2668,0.3524167062500001
16365000,-0.2983,0.3522187895833334
16370000,-0.30245,0.3520208729166666
16375000,-0.30815,0.35182295625000004
16380000,-0.29935,0.35162503958333335
16385000,-0.2422,0.35142712291666667
16390000,-0.26975,0.35122920625
16395000,-0.33865,0.3510312895833334
16400000,-0.3409,0.3508333729166667
16405000,-0.28485,0.35063545625000003
16410000,-0.2605,0.35043753958333335
16415000,-0.3223,0.35023962291666666
16420000,-0.33185,0.35004170625
16425000,-0.2652,0.3498437895833334
16430000,-0.28555,0.3496458729166667
16435000,-0.33585,0.34944795625
16440000,-0.35535,0.34925003958333334
16445000,-0.35265,0.34905212291666676
16450000,-0.2822,0.3488542062500001
16455000,-0.26155,0.3486562895833333
16460000,-0.2939,0.3484583729166667
16465000,-0.25315,0.34826045625
16470000,-0.2728,0.34806253958333333
16475000,-0.295,0.34786462291666664
16480000,-0.3428,0.34766670625000007
16485000,-0.3515,0.3474687895833334
16490000,-0.25895,0.3472708729166667
16495000,-0.2242,0.3470729562500001
16500000,-0.2481,0.3468750395833333
16505000,-0.19005,0.34667712291666664
16510000,-0.1858,0.34647920625000006
16515000,-0.242,0.3462812895833334
16520000,-0.24855,0.3460833729166667
16525000,-0.2746,0.34588545625
16530000,-0.27575,0.3456875395833334
16535000,-0.27765,0.34548962291666674
16540000,-0.3161,0.34529170625000005
16545000,-0.2752,0.34509378958333337
16550000,-0.19835,0.3448958729166667
16555000,-0.2559,0.34469795625
16560000,-0.33765,0.3445000395833333
16565000,-0.3089,0.34430212291666673
16570000,-0.2347,0.34410420625000004
16575000,-0.2786,0.34390628958333336
16580000,-0.3165,0.3437083729166668
16585000,-0.31015,0.34351045625
16590000,-0.28885,0.3433125395833333
16595000,-0.2594,0.3431146229166667
16600000,-0.2659,0.34291670625000004
16605000,-0.178,0.34271878958333335
16610000,-0.15515,0.34252087291666666
16615000,-0.2307,0.3423229562500001
16620000,-0.2976,0.3421250395833334
16625000,-0.3858,0.3419271229166667
16630000,-0.3907,0.34172920625000003
16635000,-0.3284,0.34153128958333334
16640000,-0.27335,0.34133337291666666
16645000,-0.19895,0.34113545624999997
16650000,-0.2316,0.3409375395833334
16655000,-0.2852,0.3407396229166667
16660000,-0.23165,0.34054170625
16665000,-0.29805,0.34034378958333344
16670000,-0.2884,0.34014587291666676
16675000,-0.2369,0.33994795624999996
16680000,-0.26395,0.3397500395833334
16685000,-0.2322,0.3395521229166667
16690000,-0.21715,0.33935420625
16695000,-0.2575,0.3391562895833333
16700000,-0.2486,0.33895837291666675
16705000,-0.16525,0.33876045625000006
16710000,-0.1602,0.3385625395833334
16715000,-0.23155,0.3383646229166667
16720000,-0.24765,0.33816670625
16725000,-0.20705,0.3379687895833333
16730000,-0.24825,0.33777087291666663
16735000,-0.30115,0.33757295625000006
16740000,-0.29075,0.33737503958333337
16745000,-0.30865,0.3371771229166667
16750000,-0.29685,0.3369792062500001
16755000,-0.25335,0.3367812895833334
16760000,-0.24795,0.3365833729166666
16765000,-0.26585,0.33638545624999994
16770000,-0.29655,0.33618753958333336
16775000,-0.3114,0.3359896229166667
16780000,-0.28845,0.33579170625
16785000,-0.27315,0.3355937895833334
16790000,-0.2613,0.3353958729166667
16795000,-0.26805,0.33519795625000004
16800000,-0.28175,0.33500003958333346
16805000,-0.2701,0.33480212291666667
16810000,-0.32775,0.33460420625
16815000,-0.3472,0.3344062895833333
16820000,-0.3196,0.3342083729166667
16825000,-0.31665,0.33401045625000003
16830000,-0.3041,0.33381253958333335
16835000,-0.3485,0.33361462291666677
16840000,-0.35395,0.3334167062500001
16845000,-0.2589,0.3332187895833334
16850000,-0.27785,0.3330208729166666
16855000,-0.296,0.33282295625
16860000,-0.3148,0.33262503958333334
16865000,-0.3596,0.33242712291666665
16870000,-0.26555,0.3322292062500001
16875000,-0.27655,0.3320312895833334
16880000,-0.2979,0.3318333729166667
16885000,-0.25235,0.3316354562500001
16890000,-0.2995,0.33143753958333333
16895000,-0.3172,0.33123962291666664
16900000,-0.287,0.33104170624999996
16905000,-0.243,0.3308437895833334
16910000,-0.25735,0.3306458729166667
16915000,-0.2362,0.33044795625
16920000,-0.1862,0.33025003958333343
16925000,-0.2279,0.33005212291666675
16930000,-0.24125,0.32985420625000006
16935000,-0.23565,0.32965628958333326
16940000,-0.31545,0.3294583729166667
16945000,-0.3306,0.32926045625
16950000,-0.27195,0.3290625395833333
16955000,-0.25795,0.32886462291666674
16960000,-0.24395,0.32866670625000005
16965000,-0.1745,0.32846878958333336
16970000,-0.1059,0.3282708729166668
16975000,-0.2033,0.3280729562500001
16980000,-0.27745,0.3278750395833333
16985000,-0.29595,0.3276771229166666
16990000,-0.30685,0.32747920625000004
16995000,-0.26515,0.32728128958333336
17000000,-0.3249,0.32708337291666667
17005000,-0.3852,0.3268854562500001
17010000,-0.2934,0.3266875395833334
17015000,-0.2944,0.3264896229166667
17020000,-0.3398,0.32629170625000004
17025000,-0.2686,0.32609378958333335
17030000,-0.25645,0.32589587291666666
17035000,-0.28265,0.32569795625
17040000,-0.2626,0.3255000395833334
17045000,-0.278,0.3253021229166667
17050000,-0.25995,0.32510420625
17055000,-0.25285,0.32490628958333345
17060000,-0.31205,0.32470837291666677
17065000,-0.3304,0.32451045624999997
17070000,-0.308,0.3243125395833333
17075000,-0.3433,0.3241146229166667
17080000,-0.3199,0.32391670625
17085000,-0.3238,0.32371878958333333
17090000,-0.3794,0.32352087291666676
17095000,-0.29225,0.32332295625000007
17100000,-0.2517,0.3231250395833334
17105000,-0.26005,0.3229271229166667
17110000,-0.32345,0.32272920625
17115000,-0.39525,0.3225312895833333
17120000,-0.32605,0.32233337291666664
17125000,-0.30495,0.32213545625000006
17130000,-0.2825,0.3219375395833334
17135000,-0.2771,0.3217396229166667
17140000,-0.30785,0.32154170625
17145000,-0.2592,0.32134378958333343
17150000,-0.29465,0.32114587291666674
17155000,-0.3418,0.32094795624999994
17160000,-0.28265,0.32075003958333337
17165000,-0.22945,0.3205521229166667
17170000,-0.19325,0.32035420625
17175000,-0.2307,0.3201562895833334
17180000,-0.33985,0.31995837291666673
17185000,-0.29185,0.31976045625000005
17190000,-0.2352,0.31956253958333336
17195000,-0.2576,0.3193646229166667
17200000,-0.24805,0.31916670625
17205000,-0.2478,0.3189687895833333
17210000,-0.2711,0.3187708729166667
17215000,-0.2938,0.31857295625000004
17220000,-0.2518,0.31837503958333335
17225000,-0.1218,0.31817712291666667
17230000,-0.1424,0.3179792062500001
17235000,-0.2347,0.3177812895833334
17240000,-0.2435,0.3175833729166666
17245000,-0.26725,0.31738545625000003
17250000,-0.2911,0.31718753958333334
17255000,-0.236,0.31698962291666666
17260000,-0.19415,0.3167917062500001
17265000,-0.27245,0.3165937895833334
17270000,-0.33315,0.3163958729166667
17275000,-0.2781,0.31619795625
17280000,-0.2967,0.31600003958333345
17285000,-0.3617,0.31580212291666665
17290000,-0.29625,0.31560420624999996
17295000,-0.29965,0.3154062895833334
17300000,-0.3533,0.3152083729166667
17305000,-0.31505,0.31501045625
17310000,-0.30145,0.31481253958333333
17315000,-0.26465,0.31461462291666675
17320000,-0.28235,0.31441670625000007
17325000,-0.3038,0.3142187895833334
17330000,-0.295,0.3140208729166667
17335000,-0.3581,0.31382295625
17340000,-0.34135,0.3136250395833333
17345000,-0.38145,0.31342712291666674
17350000,-0.33355,0.31322920625000006
17355000,-0.2793,0.31303128958333337
17360000,-0.2309,0.3128333729166667
17365000,-0.1767,0.3126354562500001
17370000,-0.24795,0.3124375395833333
17375000,-0.27295,0.3122396229166666
17380000,-0.1287,0.31204170625000005
17385000,-0.0678,0.31184378958333336
17390000,-0.2357,0.3116458729166667
17395000,-0.2429,0.31144795625
17400000,-0.2224,0.3112500395833334
17405000,-0.3025,0.31105212291666673
17410000,-0.31735,0.31085420625000004
17415000,-0.2772,0.31065628958333336
17420000,-0.2924,0.31045837291666667
17425000,-0.37155,0.31026045625
17430000,-0.3414,0.3100625395833334
17435000,-0.23515,0.3098646229166667
17440000,-0.24605,0.30966670625000003
17445000,-0.2822,0.30946878958333335
17450000,-0.2547,0.3092708729166668
17455000,-0.2227,0.3090729562500001
17460000,-0.2911,0.3088750395833333
17465000,-0.34565,0.3086771229166667
17470000,-0.2702,0.30847920625
17475000,-0.2526,0.30828128958333334
17480000,-0.33145,0.30808337291666665
17485000,-0.333,0.3078854562500001
17490000,-0.20095,0.3076875395833334
17495000,-0.267,0.3074896229166667
17500000,-0.3803,0.30729170625
17505000,-0.3144,0.30709378958333333
17510000,-0.30335,0.30689587291666665
17515000,-0.26505,0.30669795624999996
17520000,-0.2719,0.3065000395833334
17525000,-0.3259,0.3063021229166667
17530000,-0.36885,0.30610420625
17535000,-0.3415,0.30590628958333344
17540000,-0.28595,0.30570837291666675
17545000,-0.33715,0.30551045624999995
17550000,-0.317,0.3053125395833334
17555000,-0.2611,0.3051146229166667
17560000,-0.24115,0.30491670625
17565000,-0.26815,0.3047187895833333
17570000,-0.3076,0.30452087291666674
17575000,-0.255,0.30432295625000005
17580000,-0.2167,0.30412503958333337
17585000,-0.2902,0.3039271229166668
17590000,-0.3279,0.30372920625
17595000,-0.30105,0.3035312895833333
17600000,-0.182,0.3033333729166666
17605000,-0.14405,0.30313545625000005
17610000,-0.20525,0.30293753958333336
17615000,-0.2575,0.3027396229166667
17620000,-0.3818,0.3025417062500001
17625000,-0.35965,0.3023437895833334
17630000,-0.322,0.3021458729166667
17635000,-0.2916,0.30194795625000004
17640000,-0.2607,0.30175003958333335
17645000,-0.2216,0.30155212291666667
17650000,-0.17685,0.30135420625
17655000,-0.2615,0.3011562895833334
17660000,-0.26145,0.3009583729166667
17665000,-0.23025,0.30076045625000003
17670000,-0.28375,0.30056253958333345
17675000,-0.30125,0.30036462291666666
17680000,-0.2445,0.30016670624999997
17685000,-0.23005,0.2999687895833333
17690000,-0.2618,0.2997708729166667
17695000,-0.3011,0.29957295625
17700000,-0.27305,0.29937503958333334
17705000,-0.24795,0.29917712291666676
17710000,-0.333,0.2989792062500001
17715000,-0.28735,0.2987812895833334
17720000,-0.254,0.2985833729166667
17725000,-0.33385,0.29838545625
17730000,-0.3015,0.2981875395833333
17735000,-0.2715,0.29798962291666664
17740000,-0.27995,0.29779170625000007
17745000,-0.3192,0.2975937895833334
17750000,-0.33035,0.2973958729166667
17755000,-0.25,0.2971979562500001
17760000,-0.2707,0.29700003958333343
17765000,-0.3484,0.29680212291666663
17770000,-0.28275,0.29660420624999995
17775000,-0.2514,0.29640628958333337
17780000,-0.3013,0.2962083729166667
17785000,-0.2647,0.29601045625
17790000,-0.23155,0.2958125395833334
17795000,-0.22175,0.29561462291666674
17800000,-0.1993,0.29541670625000005
17805000,-0.1992,0.29521878958333336
17810000,-0.2035,0.2950208729166667
17815000,-0.2056,0.29482295625
17820000,-0.2827,0.2946250395833333
17825000,-0.2801,0.29442712291666673
17830000,-0.1781,0.29422920625000004
17835000,-0.20845,0.29403128958333336
17840000,-0.28985,0.2938333729166668
17845000,-0.2818,0.2936354562500001
17850000,-0.20465,0.2934375395833333
17855000,-0.2344,0.2932396229166666
17860000,-0.2462,0.29304170625000003
17865000,-0.2206,0.29284378958333335
17870000,-0.19385,0.29264587291666666
17875000,-0.22015,0.2924479562500001
17880000,-0.2202,0.2922500395833334
17885000,-0.18105,0.2920521229166667
17890000,-0.20715,0.29185420625
17895000,-0.2786,0.29165628958333334
17900000,-0.34615,0.29145837291666665
17905000,-0.30795,0.29126045624999997
17910000,-0.3422,0.2910625395833334
17915000,-0.34855,0.2908646229166667
17920000,-0.27255,0.29066670625
17925000,-0.27765,0.29046878958333344
17930000,-0.2061,0.29027087291666676
17935000,-0.17295,0.29007295625000007
17940000,-0.27965,0.28987503958333327
17945000,-0.2012,0.2896771229166667
17950000,-0.2281,0.28947920625
17955000,-0.3176,0.2892812895833333
17960000,-0.21405,0.28908337291666675
17965000,-0.22055,0.28888545625000006
17970000,-0.2848,0.2886875395833334
17975000,-0.32,0.2884896229166667
17980000,-0.357,0.28829170625
17985000,-0.3494,0.2880937895833333
17990000,-0.28575,0.28789587291666663
17995000,-0.2594,0.28769795625000005
18000000,-0.29795,0.28750003958333337
18005000,-0.3538,0.2873021229166667
18010000,-0.3536,0.2871042062500001
18015000,-0.26715,0.2869062895833334
18020000,-0.2221,0.28670837291666673
18025000,-0.2252,0.28651045625000005
18030000,-0.21305,0.28631253958333336
18035000,-0.22295,0.28611462291666667
18040000,-0.3104,0.28591670625
18045000,-0.2861,0.2857187895833334
18050000,-0.2364,0.2855208729166667
18055000,-0.23465,0.28532295625000004
18060000,-0.25845,0.28512503958333335
18065000,-0.35505,0.2849271229166668
18070000,-0.3418,0.28472920625
18075000,-0.2614,0.2845312895833333
18080000,-0.1912,0.2843333729166667
18085000,-0.2007,0.28413545625000003
18090000,-0.2189,0.28393753958333334
18095000,-0.20105,0.28373962291666677
18100000,-0.22215,0.2835417062500001
18105000,-0.2546,0.2833437895833334
18110000,-0.28715,0.2831458729166667
18115000,-0.22965,0.28294795625
18120000,-0.2264,0.28275003958333333
18125000,-0.25725,0.28255212291666665
18130000,-0.29995,0.2823542062500001
18135000,-0.3156,0.2821562895833334
18140000,-0.2962,0.2819583729166667
18145000,-0.261,0.28176045625
18150000,-0.21245,0.28156253958333344
18155000,-0.2723,0.28136462291666675
18160000,-0.29185,0.28116670624999995
18165000,-0.31535,0.2809687895833334
18170000,-0.3522,0.2807708729166667
18175000,-0.38305,0.28057295625
18180000,-0.3236,0.28037503958333343
18185000,-0.26185,0.28017712291666674
18190000,-0.2557,0.27997920625000006
18195000,-0.27125,0.27978128958333337
18200000,-0.26445,0.2795833729166667
18205000,-0.24435,0.27938545625
18210000,-0.25995,0.2791875395833333
18215000,-0.2414,0.27898962291666674
18220000,-0.2792,0.27879170625000005
18225000,-0.28525,0.27859378958333336
18230000,-0.24785,0.2783958729166667
18235000,-0.2854,0.2781979562500001
18240000,-0.35165,0.2780000395833334
18245000,-0.36195,0.2778021229166666
18250000,-0.34535,0.27760420625000004
18255000,-0.2478,0.27740628958333335
18260000,-0.27025,0.27720837291666667
18265000,-0.30065,0.27701045625
18270000,-0.29405,0.2768125395833334
18275000,-0.29645,0.2766146229166667
18280000,-0.27155,0.27641670625000003
18285000,-0.3149,0.27621878958333346
18290000,-0.2894,0.27602087291666666
18295000,-0.29195,0.27582295625
18300000,-0.29115,0.2756250395833334
18305000,-0.30005,0.2754271229166667
18310000,-0.30705,0.27522920625
18315000,-0.2889,0.27503128958333334
18320000,-0.25695,0.27483337291666676
18325000,-0.226,0.2746354562500001
18330000,-0.29715,0.2744375395833334
18335000,-0.35105,0.2742396229166667
18340000,-0.18465,0.27404170625
18345000,-0.1655,0.27384378958333333
18350000,-0.32695,0.27364587291666664
18355000,-0.29135,0.27344795625000007
18360000,-0.23535,0.2732500395833334
18365000,-0.25545,0.2730521229166667
18370000,-0.25005,0.2728542062500001
18375000,-0.29565,0.2726562895833333
18380000,-0.31525,0.27245837291666664
18385000,-0.25445,0.27226045625000006
18390000,-0.23545,0.2720625395833334
18395000,-0.15105,0.2718646229166667
18400000,-0.2312,0.27166670625
18405000,-0.27515,0.2714687895833334
18410000,-0.243,0.27127087291666674
18415000,-0.32355,0.27107295625000005
18420000,-0.3042,0.27087503958333337
18425000,-0.23775,0.2706771229166667
18430000,-0.23635,0.27047920625
18435000,-0.2315,0.2702812895833333
18440000,-0.1844,0.27008337291666673
18445000,-0.1949,0.26988545625000004
18450000,-0.2863,0.26968753958333336
18455000,-0.28755,0.2694896229166668
18460000,-0.24665,0.2692917062500001
18465000,-0.27395,0.2690937895833333
18470000,-0.2927,0.2688958729166667
18475000,-0.29125,0.26869795625000004
18480000,-0.2642,0.26850003958333335
18485000,-0.2992,0.26830212291666666
18490000,-0.298,0.2681042062500001
18495000,-0.32045,0.2679062895833334
18500000,-0.3887,0.2677083729166667
18505000,-0.34015,0.26751045625000003
18510000,-0.2613,0.26731253958333334
18515000,-0.26615,0.26711462291666666
18520000,-0.3068,0.26691670624999997
18525000,-0.3181,0.2667187895833334
18530000,-0.31775,0.2665208729166667
18535000,-0.3031,0.26632295625
18540000,-0.3232,0.26612503958333344
18545000,-0.3315,0.26592712291666676
18550000,-0.32955,0.26572920624999996
18555000,-0.3031,0.2655312895833334
18560000,-0.2184,0.2653333729166667
18565000,-0.23505,0.26513545625
18570000,-0.27915,0.2649375395833333
18575000,-0.188,0.26473962291666675
18580000,-0.1744,0.26454170625000006
18585000,-0.26335,0.2643437895833334
18590000,-0.25075,0.2641458729166668
18595000,-0.22715,0.26394795625
18600000,-0.183,0.2637500395833333
18605000,-0.19395,0.26355212291666663
18610000,-0.24,0.26335420625000006
18615000,-0.2181,0.26315628958333337
18620000,-0.19245,0.2629583729166667
18625000,-0.2483,0.2627604562500001
18630000,-0.27015,0.2625625395833334
18635000,-0.22255,0.26236462291666673
18640000,-0.2595,0.26216670624999994
18645000,-0.2662,0.26196878958333336
18650000,-0.2001,0.2617708729166667
18655000,-0.17045,0.26157295625
18660000,-0.2399,0.2613750395833334
18665000,-0.2806,0.2611771229166667
18670000,-0.2995,0.26097920625000004
18675000,-0.2848,0.26078128958333346
18680000,-0.2119,0.26058337291666667
18685000,-0.20305,0.26038545625
18690000,-0.1499,0.2601875395833333
18695000,-0.1984,0.2599896229166667
18700000,-0.2293,0.25979170625000003
18705000,-0.18595,0.25959378958333335
18710000,-0.22945,0.25939587291666677
18715000,-0.249,0.2591979562500001
18720000,-0.3414,0.2590000395833334
18725000,-0.34905,0.2588021229166666
18730000,-0.29555,0.25860420625
18735000,-0.2911,0.25840628958333334
18740000,-0.28675,0.25820837291666665
18745000,-0.29095,0.2580104562500001
18750000,-0.29095,0.2578125395833334
18755000,-0.26015,0.2576146229166667
18760000,-0.2116,0.2574167062500001
18765000,-0.192,0.25721878958333344
18770000,-0.169,0.25702087291666664
18775000,-0.2085,0.25682295624999996
18780000,-0.23635,0.2566250395833334
18785000,-0.2497,0.2564271229166667
18790000,-0.2757,0.25622920625
18795000,-0.2431,0.25603128958333343
18800000,-0.23395,0.25583337291666675
18805000,-0.29485,0.25563545625000006
18810000,-0.3215,0.2554375395833334
18815000,-0.3192,0.2552396229166667
18820000,-0.2794,0.25504170625
18825000,-0.2303,0.2548437895833333
18830000,-0.1397,0.25464587291666674
18835000,-0.1062,0.25444795625000005
18840000,-0.2309,0.25425003958333336
18845000,-0.2832,0.2540521229166668
18850000,-0.28215,0.2538542062500001
18855000,-0.2337,0.2536562895833333
18860000,-0.22955,0.2534583729166666
18865000,-0.267,0.25326045625000004
18870000,-0.2542,0.25306253958333336
18875000,-0.2519,0.25286462291666667
18880000,-0.31925,0.2526667062500001
18885000,-0.27375,0.2524687895833334
18890000,-0.15775,0.2522708729166667
18895000,-0.22665,0.25207295625000004
18900000,-0.2919,0.25187503958333335
18905000,-0.2436,0.25167712291666666
18910000,-0.1323,0.25147920625
18915000,-0.1363,0.2512812895833334
18920000,-0.29535,0.2510833729166667
18925000,-0.29235,0.25088545625
18930000,-0.20375,0.25068753958333345
18935000,-0.23095,0.25048962291666677
18940000,-0.2353,0.2502917062500001
18945000,-0.1359,0.2500937895833333
18950000,-0.1047,0.2498958729166667
18955000,-0.2111,0.24969795625000002
18960000,-0.21495,0.24950003958333333
18965000,-0.18165,0.24930212291666676
18970000,-0.261,0.24910420625000007
18975000,-0.2276,0.24890628958333338
18980000,-0.2208,0.2487083729166667
18985000,-0.2558,0.24851045625
18990000,-0.26915,0.24831253958333332
18995000,-0.2804,0.24811462291666664
19000000,-0.1792,0.24791670625000006
19005000,-0.1655,0.24771878958333338
19010000,-0.28895,0.2475208729166667
19015000,-0.2977,0.24732295625
19020000,-0.2825,0.24712503958333343
19025000,-0.2985,0.24692712291666674
19030000,-0.2445,0.24672920624999994
19035000,-0.30915,0.24653128958333337
19040000,-0.339,0.24633337291666668
19045000,-0.18185,0.24613545625
19050000,-0.23805,0.24593753958333342
19055000,-0.3498,0.24573962291666673
19060000,-0.23795,0.24554170625000005
19065000,-0.25305,0.24534378958333336
19070000,-0.34565,0.24514587291666678
19075000,-0.24425,0.24494795625
19080000,-0.216,0.2447500395833333
19085000,-0.36,0.24455212291666673
19090000,-0.31105,0.24435420625000004
19095000,-0.28,0.24415628958333335
19100000,-0.2821,0.24395837291666667
19105000,-0.2855,0.2437604562500001
19110000,-0.3336,0.2435625395833334
19115000,-0.31245,0.24336462291666672
19120000,-0.2749,0.24316670625000003
19125000,-0.2592,0.24296878958333334
19130000,-0.31245,0.24277087291666666
19135000,-0.31105,0.24257295625000008
19140000,-0.3164,0.2423750395833334
19145000,-0.362,0.2421771229166667
19150000,-0.27275,0.24197920625000002
19155000,-0.1353,0.24178128958333345
19160000,-0.21875,0.24158337291666665
19165000,-0.333,0.24138545624999996
19170000,-0.30065,0.2411875395833334
19175000,-0.2101,0.2409896229166667
19180000,-0.12165,0.24079170625000001
19185000,-0.1507,0.24059378958333333
19190000,-0.22,0.24039587291666675
19195000,-0.22095,0.24019795625000007
19200000,-0.21095,0.24000003958333338
19205000,-0.20535,0.2398021229166667
19210000,-0.22405,0.23960420625
19215000,-0.2646,0.23940628958333332
19220000,-0.28475,0.23920837291666674
19225000,-0.2629,0.23901045625000006
19230000,-0.1741,0.23881253958333337
19235000,-0.20845,0.23861462291666669
19240000,-0.2324,0.2384167062500001
19245000,-0.18205,0.23821878958333342
19250000,-0.22775,0.23802087291666663
19255000,-0.3077,0.23782295625000005
19260000,-0.29645,0.23762503958333336
19265000,-0.17005,0.23742712291666668
19270000,-0.20195,0.23722920625
19275000,-0.30895,0.23703128958333342
19280000,-0.301,0.23683337291666673
19285000,-0.3701,0.23663545625000004
19290000,-0.3687,0.23643753958333336
19295000,-0.2573,0.23623962291666667
19300000,-0.26655,0.23604170624999998
19305000,-0.22155,0.2358437895833334
19310000,-0.21355,0.23564587291666672
19315000,-0.28665,0.23544795625000003
19320000,-0.23055,0.23525003958333335
19325000,-0.1838,0.23505212291666677
19330000,-0.20145,0.23485420625000009
19335000,-0.2972,0.2346562895833333
19340000,-0.31545,0.2344583729166667
19345000,-0.213,0.23426045625000003
19350000,-0.20115,0.23406253958333334
19355000,-0.2718,0.23386462291666665
19360000,-0.25375,0.23366670625000008
19365000,-0.23115,0.2334687895833334
19370000,-0.2328,0.2332708729166667
19375000,-0.11845,0.23307295625000013
19380000,-0.1576,0.23287503958333333
19385000,-0.25805,0.23267712291666665
19390000,-0.25275,0.23247920624999996
19395000,-0.2596,0.23228128958333338
19400000,-0.1757,0.2320833729166667
19405000,-0.17015,0.23188545625
19410000,-0.20335,0.23168753958333344
19415000,-0.27585,0.23148962291666675
19420000,-0.29525,0.23129170625000006
19425000,-0.23585,0.23109378958333338
19430000,-0.2398,0.2308958729166667
19435000,-0.19695,0.23069795625
19440000,-0.2172,0.23050003958333332
19445000,-0.1807,0.23030212291666674
19450000,-0.17355,0.23010420625000005
19455000,-0.27065,0.22990628958333337
19460000,-0.2878,0.2297083729166668
19465000,-0.2525,0.22951045625
19470000,-0.30855,0.2293125395833333
19475000,-0.3393,0.22911462291666662
19480000,-0.30265,0.22891670625000005
19485000,-0.31945,0.22871878958333336
19490000,-0.3296,0.22852087291666667
19495000,-0.2735,0.2283229562500001
19500000,-0.18755,0.2281250395833334
19505000,-0.19475,0.22792712291666672
19510000,-0.2951,0.22772920625000004
19515000,-0.2901,0.22753128958333335
19520000,-0.28675,0.22733337291666667
19525000,-0.3295,0.22713545624999998
19530000,-0.23215,0.2269375395833334
19535000,-0.28075,0.22673962291666672
19540000,-0.35495,0.22654170625000003
19545000,-0.2702,0.22634378958333345
19550000,-0.27615,0.22614587291666677
19555000,-0.2673,0.22594795624999997
19560000,-0.19455,0.22575003958333328
19565000,-0.1906,0.2255521229166667
19570000,-0.23145,0.22535420625000002
19575000,-0.2521,0.22515628958333334
19580000,-0.2526,0.22495837291666676
19585000,-0.2291,0.22476045625000007
19590000,-0.2518,0.2245625395833334
19595000,-0.20165,0.2243646229166667
19600000,-0.18915,0.22416670625000001
19605000,-0.25015,0.22396878958333333
19610000,-0.29435,0.22377087291666664
19615000,-0.28,0.22357295625000007
19620000,-0.2673,0.22337503958333338
19625000,-0.25425,0.2231771229166667
19630000,-0.1587,0.22297920625000012
19635000,-0.1777,0.22278128958333343
19640000,-0.28485,0.22258337291666663
19645000,-0.24975,0.22238545624999995
19650000,-0.25125,0.22218753958333337
19655000,-0.2881,0.22198962291666668
19660000,-0.26525,0.22179170625
19665000,-0.2482,0.22159378958333342
19670000,-0.2181,0.22139587291666674
19675000,-0.2848,0.22119795625000005
19680000,-0.29825,0.22100003958333347
19685000,-0.2825,0.22080212291666668
19690000,-0.2366,0.22060420625
19695000,-0.1795,0.2204062895833333
19700000,-0.22405,0.22020837291666673
19705000,-0.3039,0.22001045625000004
19710000,-0.33735,0.21981253958333336
19715000,-0.2737,0.21961462291666678
19720000,-0.2512,0.2194167062500001
19725000,-0.2491,0.2192187895833334
19730000,-0.1906,0.2190208729166666
19735000,-0.2318,0.21882295625000003
19740000,-0.2624,0.21862503958333335
19745000,-0.27025,0.21842712291666666
19750000,-0.24855,0.21822920625000009
19755000,-0.1797,0.2180312895833334
19760000,-0.2452,0.2178333729166667
19765000,-0.1942,0.21763545625000003
19770000,-0.17295,0.21743753958333334
19775000,-0.28675,0.21723962291666665
19780000,-0.20035,0.21704170624999997
19785000,-0.16215,0.2168437895833334
19790000,-0.21185,0.2166458729166667
19795000,-0.27285,0.21644795625000002
19800000,-0.2914,0.21625003958333344
19805000,-0.2189,0.21605212291666676
19810000,-0.2091,0.21585420625000007
19815000,-0.22105,0.21565628958333327
19820000,-0.19625,0.2154583729166667
19825000,-0.17205,0.21526045625
19830000,-0.21005,0.21506253958333332
19835000,-0.2958,0.21486462291666675
19840000,-0.27105,0.21466670625000006
19845000,-0.21725,0.21446878958333337
19850000,-0.25535,0.2142708729166667
19855000,-0.3046,0.2140729562500001
19860000,-0.3652,0.21387503958333332
19865000,-0.3677,0.21367712291666663
19870000,-0.3234,0.21347920625000005
19875000,-0.24925,0.21328128958333337
19880000,-0.29135,0.21308337291666668
19885000,-0.3824,0.2128854562500001
19890000,-0.23485,0.21268753958333342
19895000,-0.16405,0.21248962291666673
19900000,-0.2182,0.21229170625000005
19905000,-0.16875,0.21209378958333336
19910000,-0.17435,0.21189587291666667
19915000,-0.266,0.21169795624999999
19920000,-0.15015,0.2115000395833334
19925000,-0.06265,0.21130212291666672
19930000,-0.20605,0.21110420625000004
19935000,-0.26605,0.21090628958333335
19940000,-0.20825,0.21070837291666678
19945000,-0.14355,0.21051045624999998
19950000,-0.2529,0.2103125395833333
19955000,-0.33555,0.21011462291666672
19960000,-0.243,0.20991670625000003
19965000,-0.25595,0.20971878958333334
19970000,-0.3214,0.20952087291666677
19975000,-0.27945,0.20932295625000008
19980000,-0.26145,0.2091250395833334
19985000,-0.2855,0.2089271229166667
19990000,-0.25385,0.20872920625000002
19995000,-0.24335,0.20853128958333333
20000000,-0.23265,0.20833337291666665
20005000,-0.2529,0.20813545625000007
20010000,-0.29365,0.2079375395833334
20015000,-0.21385,0.2077396229166667
20020000,-0.2397,0.20754170625
20025000,-0.2867,0.20734378958333344
20030000,-0.21385,0.20714587291666675
20035000,-0.26915,0.20694795624999995
20040000,-0.29,0.20675003958333338
20045000,-0.23535,0.2065521229166667
20050000,-0.24735,0.20635420625
20055000,-0.27565,0.20615628958333343
20060000,-0.2415,0.20595837291666674
20065000,-0.20605,0.20576045625000006
20070000,-0.24095,0.20556253958333337
20075000,-0.2006,0.20536462291666668
20080000,-0.13985,0.20516670625
20085000,-0.19575,0.2049687895833333
20090000,-0.27295,0.20477087291666674
20095000,-0.3,0.20457295625000005
20100000,-0.2364,0.20437503958333336
20105000,-0.23655,0.20417712291666668
20110000,-0.20285,0.2039792062500001
20115000,-0.1287,0.2037812895833334
20120000,-0.1855,0.20358337291666662
20125000,-0.2831,0.20338545625000004
20130000,-0.2807,0.20318753958333335
20135000,-0.22795,0.20298962291666667
20140000,-0.2396,0.20279170624999998
20145000,-0.2812,0.2025937895833334
20150000,-0.2103,0.20239587291666672
20155000,-0.12405,0.20219795625000003
20160000,-0.20485,0.20200003958333346
20165000,-0.27975,0.20180212291666666
20170000,-0.2888,0.20160420624999997
20175000,-0.27925,0.2014062895833334
20180000,-0.1948,0.2012083729166667
20185000,-0.1667,0.20101045625000002
20190000,-0.2543,0.20081253958333334
20195000,-0.2256,0.20061462291666676
20200000,-0.2379,0.20041670625000008
20205000,-0.2925,0.2002187895833334
20210000,-0.20935,0.2000208729166667
20215000,-0.2083,0.19982295625000002
20220000,-0.2669,0.19962503958333333
20225000,-0.31135,0.19942712291666664
20230000,-0.32945,0.19922920625000007
20235000,-0.244,0.19903128958333338
20240000,-0.2537,0.1988333729166667
20245000,-0.2443,0.19863545625000012
20250000,-0.21845,0.19843753958333332
20255000,-0.1288,0.19823962291666664
20260000,-0.11105,0.19804170625000006
20265000,-0.221,0.19784378958333337
20270000,-0.1252,0.1976458729166667
20275000,-0.15925,0.19744795625
20280000,-0.226,0.19725003958333343
20285000,-0.24505,0.19705212291666674
20290000,-0.23085,0.19685420625000005
20295000,-0.20705,0.19665628958333337
20300000,-0.26395,0.19645837291666668
20305000,-0.24355,0.19626045625
20310000,-0.21125,0.1960625395833333
20315000,-0.18605,0.19586462291666673
20320000,-0.2311,0.19566670625000004
20325000,-0.2242,0.19546878958333336
20330000,-0.12905,0.19527087291666678
20335000,-0.1834,0.1950729562500001
20340000,-0.2493,0.1948750395833333
20345000,-0.25645,0.19467712291666672
20350000,-0.27505,0.19447920625000004
20355000,-0.2642,0.19428128958333335
20360000,-0.225,0.19408337291666666
20365000,-0.17805,0.1938854562500001
20370000,-0.18505,0.1936875395833334
20375000,-0.1897,0.19348962291666671
20380000,-0.1551,0.19329170625000003
20385000,-0.19425,0.19309378958333334
20390000,-0.298,0.19289587291666666
20395000,-0.284,0.19269795624999997
20400000,-0.23185,0.1925000395833334
20405000,-0.24125,0.1923021229166667
20410000,-0.2497,0.19210420625000002
20415000,-0.2292,0.19190628958333344
20420000,-0.24055,0.19170837291666676
20425000,-0.2124,0.19151045624999996
20430000,-0.15475,0.19131253958333339
20435000,-0.1832,0.1911146229166667
20440000,-0.1948,0.19091670625
20445000,-0.1731,0.19071878958333333
20450000,-0.27725,0.19052087291666675
20455000,-0.33135,0.19032295625000006
20460000,-0.3155,0.19012503958333338
20465000,-0.31415,0.1899271229166668
20470000,-0.25265,0.18972920625
20475000,-0.2666,0.18953128958333332
20480000,-0.26095,0.18933337291666663
20485000,-0.22535,0.18913545625000006
20490000,-0.23715,0.18893753958333337
20495000,-0.22085,0.18873962291666668
20500000,-0.23275,0.1885417062500001
20505000,-0.24835,0.18834378958333342
20510000,-0.2699,0.18814587291666673
20515000,-0.25545,0.18794795624999994
20520000,-0.2096,0.18775003958333336
20525000,-0.16205,0.18755212291666667
20530000,-0.14515,0.18735420625
20535000,-0.19525,0.1871562895833334
20540000,-0.1328,0.18695837291666673
20545000,-0.10975,0.18676045625000004
20550000,-0.23025,0.18656253958333346
20555000,-0.1769,0.18636462291666667
20560000,-0.12405,0.18616670624999998
20565000,-0.14605,0.1859687895833333
20570000,-0.1148,0.18577087291666672
20575000,-0.1647,0.18557295625000003
20580000,-0.2183,0.18537503958333335
20585000,-0.23715,0.18517712291666677
20590000,-0.25165,0.18497920625000008
20595000,-0.26555,0.1847812895833334
20600000,-0.1689,0.1845833729166666
20605000,-0.1504,0.18438545625000002
20610000,-0.293,0.18418753958333334
20615000,-0.2923,0.18398962291666665
20620000,-0.2866,0.18379170625000008
20625000,-0.2991,0.1835937895833334
20630000,-0.29165,0.1833958729166667
20635000,-0.30715,0.18319795625000013
20640000,-0.28305,0.18300003958333344
20645000,-0.27065,0.18280212291666664
20650000,-0.2645,0.18260420624999996
20655000,-0.2252,0.18240628958333338
20660000,-0.22755,0.1822083729166667
20665000,-0.28665,0.18201045625
20670000,-0.32005,0.18181253958333343
20675000,-0.38255,0.18161462291666675
20680000,-0.25525,0.18141670625000006
20685000,-0.13465,0.18121878958333337
20690000,-0.2478,0.1810208729166667
20695000,-0.23805,0.18082295625
20700000,-0.18065,0.1806250395833333
20705000,-0.22365,0.18042712291666674
20710000,-0.23965,0.18022920625000005
20715000,-0.2409,0.18003128958333336
20720000,-0.25725,0.1798333729166668
20725000,-0.2,0.1796354562500001
20730000,-0.14315,0.1794375395833333
20735000,-0.17725,0.17923962291666662
20740000,-0.1956,0.17904170625000004
20745000,-0.1898,0.17884378958333336
20750000,-0.2187,0.17864587291666667
20755000,-0.2866,0.1784479562500001
20760000,-0.25415,0.1782500395833334
20765000,-0.14415,0.17805212291666672
20770000,-0.16635,0.17785420625000004
20775000,-0.2047,0.17765628958333335
20780000,-0.1942,0.17745837291666666
20785000,-0.18755,0.17726045624999998
20790000,-0.2044,0.1770625395833334
20795000,-0.29075,0.1768646229166667
20800000,-0.2358,0.17666670625000003
20805000,-0.1931,0.17646878958333345
20810000,-0.1957,0.17627087291666677
20815000,-0.22295,0.17607295625000008
20820000,-0.34645,0.17587503958333328
20825000,-0.30925,0.1756771229166667
20830000,-0.21395,0.17547920625000002
20835000,-0.21085,0.17528128958333333
20840000,-0.2835,0.17508337291666676
20845000,-0.2327,0.17488545625000007
20850000,-0.16915,0.17468753958333338
20855000,-0.18655,0.1744896229166667
20860000,-0.2139,0.17429170625
20865000,-0.25975,0.17409378958333332
20870000,-0.25105,0.17389587291666664
20875000,-0.2262,0.17369795625000006
20880000,-0.1378,0.17350003958333338
20885000,-0.14565,0.1733021229166667
20890000,-0.17115,0.17310420625
20895000,-0.195,0.17290628958333343
20900000,-0.2508,0.17270837291666674
20905000,-0.2335,0.17251045624999994
20910000,-0.2744,0.17231253958333337
20915000,-0.30475,0.17211462291666668
20920000,-0.2371,0.17191670625
20925000,-0.17795,0.17171878958333342
20930000,-0.22145,0.17152087291666673
20935000,-0.12865,0.17132295625000005
20940000,-0.1317,0.17112503958333336
20945000,-0.26485,0.17092712291666678
20950000,-0.2805,0.17072920625
20955000,-0.2934,0.1705312895833333
20960000,-0.2913,0.17033337291666673
20965000,-0.2901,0.17013545625000004
20970000,-0.20725,0.16993753958333335
20975000,-0.161,0.16973962291666667
20980000,-0.2219,0.1695417062500001
20985000,-0.2609,0.1693437895833334
20990000,-0.1902,0.16914587291666672
20995000,-0.192,0.16894795625000003
21000000,-0.2535,0.16875003958333334
21005000,-0.19715,0.16855212291666666
21010000,-0.1745,0.16835420625000008
21015000,-0.1593,0.1681562895833334
21020000,-0.2076,0.1679583729166667
21025000,-0.2949,0.16776045625000002
21030000,-0.3097,0.16756253958333345
21035000,-0.2876,0.16736462291666676
21040000,-0.24565,0.16716670624999996
21045000,-0.2485,0.1669687895833334
21050000,-0.27995,0.1667708729166667
21055000,-0.2555,0.16657295625000001
21060000,-0.2365,0.16637503958333333
21065000,-0.21995,0.16617712291666675
21070000,-0.2083,0.16597920625000007
21075000,-0.19665,0.16578128958333338
21080000,-0.17685,0.1655833729166667
21085000,-0.2474,0.16538545625
21090000,-0.2499,0.16518753958333332
21095000,-0.20845,0.16498962291666674
21100000,-0.2714,0.16479170625000006
21105000,-0.27185,0.16459378958333337
21110000,-0.1824,0.16439587291666669
21115000,-0.175,0.1641979562500001
21120000,-0.173,0.16400003958333342
21125000,-0.15955,0.16380212291666663
21130000,-0.2232,0.16360420625000005
21135000,-0.2824,0.16340628958333336
21140000,-0.2908,0.16320837291666668
21145000,-0.2469,0.16301045625
21150000,-0.1469,0.16281253958333342
21155000,-0.1319,0.16261462291666673
21160000,-0.2157,0.16241670625000004
21165000,-0.23045,0.16221878958333347
21170000,-0.28075,0.16202087291666667
21175000,-0.32365,0.16182295624999998
21180000,-0.3029,0.1616250395833334
21185000,-0.24535,0.16142712291666672
21190000,-0.2138,0.16122920625000003
21195000,-0.2018,0.16103128958333335
21200000,-0.1116,0.16083337291666677
21205000,-0.14025,0.16063545625000009
21210000,-0.246,0.1604375395833334
21215000,-0.2812,0.1602396229166667
21220000,-0.28065,0.16004170625000003
21225000,-0.2286,0.15984378958333334
21230000,-0.16965,0.15964587291666665
21235000,-0.1726,0.15944795625000008
21240000,-0.1643,0.1592500395833334
21245000,-0.1554,0.1590521229166667
21250000,-0.1416,0.15885420625000013
21255000,-0.23075,0.15865628958333333
21260000,-0.23135,0.15845837291666665
21265000,-0.2024,0.15826045624999996
21270000,-0.33285,0.15806253958333338
21275000,-0.2882,0.1578646229166667
21280000,-0.2059,0.15766670625
21285000,-0.21635,0.15746878958333344
21290000,-0.24085,0.15727087291666675
21295000,-0.25535,0.15707295625000006
21300000,-0.23565,0.15687503958333338
21305000,-0.26015,0.1566771229166667
21310000,-0.2577,0.15647920625
21315000,-0.2226,0.15628128958333332
21320000,-0.2197,0.15608337291666674
21325000,-0.21445,0.15588545625000005
21330000,-0.19905,0.15568753958333337
21335000,-0.15025,0.1554896229166668
21340000,-0.16185,0.1552917062500001
21345000,-0.2541,0.1550937895833333
21350000,-0.2453,0.15489587291666662
21355000,-0.23765,0.15469795625000005
21360000,-0.2762,0.15450003958333336
21365000,-0.2454,0.15430212291666667
21370000,-0.2151,0.1541042062500001
21375000,-0.17455,0.1539062895833334
21380000,-0.1006,0.15370837291666672
21385000,-0.0955,0.15351045625000004
21390000,-0.1955,0.15331253958333335
21395000,-0.25255,0.15311462291666667
21400000,-0.2192,0.15291670624999998
21405000,-0.2204,0.1527187895833334
21410000,-0.2519,0.15252087291666672
21415000,-0.20845,0.15232295625000003
21420000,-0.17835,0.15212503958333345
21425000,-0.2151,0.15192712291666677
21430000,-0.2048,0.15172920624999997
21435000,-0.24115,0.15153128958333328
21440000,-0.1889,0.1513333729166667
21445000,-0.1466,0.15113545625000002
21450000,-0.17845,0.15093753958333334
21455000,-0.1358,0.15073962291666676
21460000,-0.1537,0.15054170625000007
21465000,-0.24425,0.1503437895833334
21470000,-0.28835,0.1501458729166668
21475000,-0.25485,0.14994795625000001
21480000,-0.18605,0.14975003958333333
21485000,-0.12975,0.14955212291666664
21490000,-0.2298,0.14935420625000007
21495000,-0.31585,0.14915628958333338
21500000,-0.23605,0.1489583729166667
21505000,-0.2152,0.14876045625000012
21510000,-0.2371,0.14856253958333343
21515000,-0.2108,0.14836462291666674
21520000,-0.25975,0.14816670624999995
21525000,-0.24045,0.14796878958333337
21530000,-0.09855,0.14777087291666668
21535000,-0.11455,0.14757295625
21540000,-0.25245,0.14737503958333342
21545000,-0.21685,0.14717712291666674
21550000,-0.14455,0.14697920625000005
21555000,-0.1091,0.14678128958333347
21560000,-0.15045,0.14658337291666668
21565000,-0.2629,0.14638545625
21570000,-0.25625,0.1461875395833333
21575000,-0.25325,0.14598962291666673
21580000,-0.2336,0.14579170625000004
21585000,-0.251,0.14559378958333336
21590000,-0.30335,0.14539587291666678
21595000,-0.24675,0.1451979562500001
21600000,-0.2095,0.1450000395833334
21605000,-0.236,0.1448021229166666
21610000,-0.2454,0.14460420625000003
21615000,-0.236,0.14440628958333335
21620000,-0.24675,0.14420837291666666
21625000,-0.27585,0.14401045625000009
21630000,-0.2382,0.1438125395833334
21635000,-0.19485,0.1436146229166667
21640000,-0.2474,0.14341670625000003
21645000,-0.2324,0.14321878958333345
21650000,-0.1523,0.14302087291666665
21655000,-0.14675,0.14282295624999997
21660000,-0.1884,0.1426250395833334
21665000,-0.15745,0.1424271229166667
21670000,-0.1408,0.14222920625000002
21675000,-0.1947,0.14203128958333344
21680000,-0.2053,0.14183337291666676
21685000,-0.1802,0.14163545625000007
21690000,-0.20505,0.14143753958333338
21695000,-0.1924,0.1412396229166667
21700000,-0.1933,0.14104170625
21705000,-0.24225,0.14084378958333332
21710000,-0.166,0.14064587291666675
21715000,-0.16545,0.14044795625000006
21720000,-0.232,0.14025003958333337
21725000,-0.27,0.1400521229166667
21730000,-0.26665,0.1398542062500001
21735000,-0.1283,0.13965628958333332
21740000,-0.05635,0.13945837291666663
21745000,-0.1581,0.13926045625000005
21750000,-0.2058,0.13906253958333337
21755000,-0.22055,0.13886462291666668
21760000,-0.2551,0.1386667062500001
21765000,-0.2707,0.13846878958333342
21770000,-0.3017,0.13827087291666673
21775000,-0.2334,0.13807295625000005
21780000,-0.2391,0.13787503958333336
21785000,-0.24315,0.13767712291666667
21790000,-0.1359,0.13747920624999999
21795000,-0.1355,0.1372812895833334
21800000,-0.2022,0.13708337291666672
21805000,-0.26655,0.13688545625000004
21810000,-0.2282,0.13668753958333335
21815000,-0.1765,0.13648962291666678
21820000,-0.2365,0.1362917062500001
21825000,-0.2599,0.1360937895833333
21830000,-0.21785,0.13589587291666672
21835000,-0.17765,0.13569795625000003
21840000,-0.06475,0.13550003958333334
21845000,-0.1129,0.13530212291666677
21850000,-0.2307,0.13510420625000008
21855000,-0.2359,0.1349062895833334
21860000,-0.17005,0.1347083729166667
21865000,-0.15365,0.13451045625000002
21870000,-0.12715,0.13431253958333333
21875000,-0.10545,0.13411462291666665
21880000,-0.1685,0.13391670625000007
21885000,-0.17695,0.1337187895833334
21890000,-0.1793,0.1335208729166667
21895000,-0.1928,0.13332295625
21900000,-0.2698,0.13312503958333344
21905000,-0.28,0.13292712291666675
21910000,-0.2673,0.13272920624999995
21915000,-0.2405,0.13253128958333338
21920000,-0.2119,0.1323333729166667
21925000,-0.17595,0.13213545625
21930000,-0.18105,0.13193753958333343
21935000,-0.2162,0.13173962291666674
21940000,-0.2182,0.13154170625000006
21945000,-0.19595,0.13134378958333337
21950000,-0.1938,0.1311458729166668
21955000,-0.23505,0.13094795625
21960000,-0.21775,0.1307500395833333
21965000,-0.25195,0.13055212291666674
21970000,-0.32065,0.13035420625000005
21975000,-0.28235,0.13015628958333336
21980000,-0.20125,0.12995837291666668
21985000,-0.1249,0.1297604562500001
21990000,-0.16405,0.1295625395833334
21995000,-0.2465,0.12936462291666673
22000000,-0.23415,0.12916670625000004
22005000,-0.1889,0.12896878958333335
22010000,-0.1835,0.12877087291666667
22015000,-0.17535,0.12857295624999998
22020000,-0.18255,0.1283750395833334
22025000,-0.2179,0.12817712291666672
22030000,-0.19865,0.12797920625000003
22035000,-0.2844,0.12778128958333346
22040000,-0.2611,0.12758337291666666
22045000,-0.2417,0.12738545624999997
22050000,-0.256,0.1271875395833334
22055000,-0.1931,0.1269896229166667
22060000,-0.20545,0.12679170625000002
22065000,-0.2139,0.12659378958333334
22070000,-0.22615,0.12639587291666676
22075000,-0.2466,0.12619795625000008
22080000,-0.22055,0.1260000395833334
22085000,-0.17,0.1258021229166667
22090000,-0.16675,0.12560420625000002
22095000,-0.118,0.12540628958333333
22100000,-0.14465,0.12520837291666664
22105000,-0.18885,0.12501045625000007
22110000,-0.17205,0.12481253958333338
22115000,-0.1372,0.1246146229166667
22120000,-0.1902,0.12441670625000012
22125000,-0.2682,0.12421878958333343
22130000,-0.22975,0.12402087291666664
22135000,-0.25285,0.12382295625000006
22140000,-0.25065,0.12362503958333337
22145000,-0.2125,0.12342712291666669
22150000,-0.2533,0.12322920625
22155000,-0.22705,0.12303128958333343
22160000,-0.1098,0.12283337291666674
22165000,-0.12795,0.12263545625000005
22170000,-0.2036,0.12243753958333337
22175000,-0.1967,0.12223962291666668
22180000,-0.21395,0.12204170624999999
22185000,-0.25545,0.1218437895833333
22190000,-0.24155,0.12164587291666673
22195000,-0.21975,0.12144795625000004
22200000,-0.22075,0.12125003958333336
22205000,-0.22665,0.12105212291666678
22210000,-0.1819,0.1208542062500001
22215000,-0.1459,0.1206562895833333
22220000,-0.2083,0.12045837291666672
22225000,-0.22405,0.12026045625000004
22230000,-0.2115,0.12006253958333335
22235000,-0.20635,0.11986462291666666
22240000,-0.20575,0.11966670625000009
22245000,-0.24995,0.1194687895833334
22250000,-0.24915,0.11927087291666671
22255000,-0.24785,0.11907295625000014
22260000,-0.1642,0.11887503958333334
22265000,-0.0738,0.11867712291666666
22270000,-0.16905,0.11847920624999997
22275000,-0.208,0.1182812895833334
22280000,-0.20955,0.1180833729166667
22285000,-0.2003,0.11788545625000002
22290000,-0.13255,0.11768753958333344
22295000,-0.1386,0.11748962291666676
22300000,-0.1956,0.11729170625000007
22305000,-0.18055,0.11709378958333339
22310000,-0.1793,0.1168958729166667
22315000,-0.2144,0.11669795625000001
22320000,-0.20875,0.11650003958333333
22325000,-0.19425,0.11630212291666675
22330000,-0.20855,0.11610420625000006
22335000,-0.2346,0.11590628958333338
22340000,-0.2229,0.1157083729166668
22345000,-0.1736,0.11551045625
22350000,-0.1572,0.11531253958333332
22355000,-0.1198,0.11511462291666663
22360000,-0.1669,0.11491670625000006
22365000,-0.2317,0.11471878958333337
22370000,-0.21015,0.11452087291666668
22375000,-0.20315,0.11432295625000011
22380000,-0.15005,0.11412503958333342
22385000,-0.08175,0.11392712291666673
22390000,-0.16545,0.11372920624999994
22395000,-0.26665,0.11353128958333336
22400000,-0.24235,0.11333337291666667
22405000,-0.27635,0.11313545624999999
22410000,-0.2551,0.11293753958333341
22415000,-0.1698,0.11273962291666673
22420000,-0.2318,0.11254170625000004
22425000,-0.21305,0.11234378958333346
22430000,-0.16305,0.11214587291666678
22435000,-0.2576,0.11194795624999998
22440000,-0.263,0.1117500395833333
22445000,-0.2277,0.11155212291666672
22450000,-0.2421,0.11135420625000003
22455000,-0.2109,0.11115628958333335
22460000,-0.12795,0.11095837291666677
22465000,-0.14525,0.11076045625000008
22470000,-0.257,0.1105625395833334
22475000,-0.2705,0.11036462291666671
22480000,-0.2247,0.11016670625000002
22485000,-0.1866,0.10996878958333334
22490000,-0.15915,0.10977087291666665
22495000,-0.2011,0.10957295625000008
22500000,-0.2513,0.10937503958333339
22505000,-0.1918,0.1091771229166667
22510000,-0.1604,0.10897920625000013
22515000,-0.1844,0.10878128958333344
22520000,-0.18185,0.10858337291666664
22525000,-0.1947,0.10838545624999996
22530000,-0.16045,0.10818753958333338
22535000,-0.16005,0.1079896229166667
22540000,-0.17775,0.10779170625000001
22545000,-0.19125,0.10759378958333343
22550000,-0.2094,0.10739587291666675
22555000,-0.18645,0.10719795625000006
22560000,-0.1899,0.10700003958333337
22565000,-0.2486,0.10680212291666669
22570000,-0.2641,0.10660420625
22575000,-0.2921,0.10640628958333331
22580000,-0.23285,0.10620837291666674
22585000,-0.11645,0.10601045625000005
22590000,-0.2015,0.10581253958333336
22595000,-0.2754,0.10561462291666679
22600000,-0.19225,0.1054167062500001
22605000,-0.23205,0.10521878958333342
22610000,-0.3037,0.10502087291666662
22615000,-0.27115,0.10482295625000004
22620000,-0.21085,0.10462503958333336
22625000,-0.1793,0.10442712291666667
22630000,-0.23195,0.1042292062500001
22635000,-0.23705,0.10403128958333341
22640000,-0.24395,0.10383337291666672
22645000,-0.2313,0.10363545625000004
22650000,-0.21925,0.10343753958333335
22655000,-0.24625,0.10323962291666666
22660000,-0.20875,0.10304170624999998
22665000,-0.19065,0.1028437895833334
22670000,-0.24135,0.10264587291666671
22675000,-0.2302,0.10244795625000003
22680000,-0.16415,0.10225003958333345
22685000,-0.24235,0.10205212291666677
22690000,-0.2732,0.10185420625000008
22695000,-0.2084,0.10165628958333328
22700000,-0.24525,0.1014583729166667
22705000,-0.25985,0.10126045625000002
22710000,-0.24545,0.10106253958333333
22715000,-0.23375,0.10086462291666676
22720000,-0.16375,0.10066670625000007
22725000,-0.15555,0.10046878958333338
22730000,-0.17985,0.1002708729166667
22735000,-0.132,0.10007295625000012
22740000,-0.09895,0.09987503958333332
22745000,-0.1904,0.09967712291666664
22750000,-0.16205,0.09947920625000006
22755000,-0.12205,0.09928128958333338
22760000,-0.2036,0.09908337291666669
22765000,-0.1976,0.09888545625
22770000,-0.23095,0.09868753958333343
22775000,-0.21385,0.09848962291666674
22780000,-0.21215,0.09829170625000005
22785000,-0.2449,0.09809378958333337
22790000,-0.22065,0.09789587291666668
22795000,-0.1467,0.09769795625
22800000,-0.13045,0.09750003958333342
22805000,-0.1585,0.09730212291666673
22810000,-0.16835,0.09710420625000005
22815000,-0.198,0.09690628958333336
22820000,-0.2322,0.09670837291666678
22825000,-0.2584,0.09651045624999999
22830000,-0.17685,0.0963125395833333
22835000,-0.1461,0.09611462291666673
22840000,-0.15515,0.09591670625000004
22845000,-0.1663,0.09571878958333335
22850000,-0.18935,0.09552087291666667
22855000,-0.0995,0.09532295625000009
22860000,-0.1143,0.0951250395833334
22865000,-0.11175,0.09492712291666672
22870000,-0.12865,0.09472920625000003
22875000,-0.15225,0.09453128958333334
22880000,-0.1065,0.09433337291666666
22885000,-0.1957,0.09413545625000008
22890000,-0.1292,0.0939375395833334
22895000,-0.1381,0.09373962291666671
22900000,-0.2528,0.09354170625000002
22905000,-0.1694,0.09334378958333345
22910000,-0.15345,0.09314587291666676
22915000,-0.1812,0.09294795624999996
22920000,-0.1978,0.09275003958333339
22925000,-0.2194,0.0925521229166667
22930000,-0.2043,0.09235420625000001
22935000,-0.1982,0.09215628958333333
22940000,-0.13605,0.09195837291666675
22945000,-0.14165,0.09176045625000007
22950000,-0.1196,0.09156253958333338
22955000,-0.12015,0.0913646229166667
22960000,-0.2199,0.09116670625000001
22965000,-0.09765,0.09096878958333332
22970000,-0.085,0.09077087291666674
22975000,-0.12385,0.09057295625000006
22980000,-0.08635,0.09037503958333337
22985000,-0.1692,0.09017712291666669
22990000,-0.13525,0.08997920625000011
22995000,-0.13535,0.08978128958333342
23000000,-0.16185,0.08958337291666663
23005000,-0.16855,0.08938545625000005
23010000,-0.17705,0.08918753958333336
23015000,-0.19235,0.08898962291666668
23020000,-0.1869,0.08879170624999999
23025000,-0.1319,0.08859378958333342
23030000,-0.17025,0.08839587291666673
23035000,-0.21615,0.08819795625000004
23040000,-0.21375,0.08800003958333347
23045000,-0.23215,0.08780212291666667
23050000,-0.2241,0.08760420624999998
23055000,-0.2207,0.08740628958333341
23060000,-0.2502,0.08720837291666672
23065000,-0.2089,0.08701045625000003
23070000,-0.15095,0.08681253958333335
23075000,-0.16065,0.08661462291666677
23080000,-0.19435,0.08641670625000009
23085000,-0.21315,0.0862187895833334
23090000,-0.22555,0.08602087291666671
23095000,-0.21305,0.08582295625000003
23100000,-0.24015,0.08562503958333334
23105000,-0.19955,0.08542712291666665
23110000,-0.09935,0.08522920625000008
23115000,-0.1185,0.08503128958333339
23120000,-0.1666,0.0848333729166667
23125000,-0.14595,0.08463545625000013
23130000,-0.17255,0.08443753958333333
23135000,-0.22385,0.08423962291666665
23140000,-0.19585,0.08404170624999996
23145000,-0.2431,0.08384378958333338
23150000,-0.2675,0.0836458729166667
23155000,-0.2717,0.08344795625000001
23160000,-0.2516,0.08325003958333344
23165000,-0.23455,0.08305212291666675
23170000,-0.2514,0.08285420625000006
23175000,-0.14995,0.08265628958333338
23180000,-0.154,0.08245837291666669
23185000,-0.235,0.08226045625
23190000,-0.2113,0.08206253958333332
23195000,-0.1923,0.08186462291666674
23200000,-0.26685,0.08166670625000005
23205000,-0.27425,0.08146878958333337
23210000,-0.2123,0.08127087291666679
23215000,-0.2225,0.0810729562500001
23220000,-0.22255,0.08087503958333331
23225000,-0.2011,0.08067712291666662
23230000,-0.20005,0.08047920625000005
23235000,-0.22925,0.08028128958333336
23240000,-0.17635,0.08008337291666667
23245000,-0.1423,0.0798854562500001
23250000,-0.21605,0.07968753958333341
23255000,-0.2376,0.07948962291666672
23260000,-0.2317,0.07929170625000004
23265000,-0.1729,0.07909378958333335
23270000,-0.139,0.07889587291666667
23275000,-0.12995,0.07869795624999998
23280000,-0.1779,0.0785000395833334
23285000,-0.26605,0.07830212291666672
23290000,-0.1769,0.07810420625000003
23295000,-0.0601,0.07790628958333345
23300000,-0.09,0.07770837291666677
23305000,-0.1342,0.07751045624999997
23310000,-0.0861,0.07731253958333328
23315000,-0.1623,0.07711462291666671
23320000,-0.18545,0.07691670625000002
23325000,-0.10795,0.07671878958333334
23330000,-0.1678,0.07652087291666676
23335000,-0.1866,0.07632295625000007
23340000,-0.2346,0.07612503958333339
23345000,-0.2219,0.07592712291666681
23350000,-0.17835,0.07572920625000001
23355000,-0.18045,0.07553128958333333
23360000,-0.1472,0.07533337291666664
23365000,-0.10755,0.07513545625000007
23370000,-0.0314,0.07493753958333338
23375000,-0.09735,0.07473962291666669
23380000,-0.1699,0.07454170625000012
23385000,-0.1306,0.07434378958333343
23390000,-0.14955,0.07414587291666674
23395000,-0.2071,0.07394795624999995
23400000,-0.18625,0.07375003958333337
23405000,-0.16075,0.07355212291666668
23410000,-0.21835,0.07335420625
23415000,-0.2289,0.07315628958333342
23420000,-0.1773,0.07295837291666674
23425000,-0.1575,0.07276045625000005
23430000,-0.19355,0.07256253958333347
23435000,-0.23115,0.07236462291666668
23440000,-0.27445,0.07216670624999999
23445000,-0.27535,0.0719687895833333
23450000,-0.18765,0.07177087291666673
23455000,-0.1493,0.07157295625000004
23460000,-0.05,0.07137503958333336
23465000,-0.0647,0.07117712291666678
23470000,-0.1863,0.0709792062500001
23475000,-0.1979,0.0707812895833334
23480000,-0.2379,0.07058337291666661
23485000,-0.24455,0.07038545625000003
23490000,-0.182,0.07018753958333335
23495000,-0.16025,0.06998962291666666
23500000,-0.14505,0.06979170625000009
23505000,-0.18955,0.0695937895833334
23510000,-0.1893,0.06939587291666671
23515000,-0.14115,0.06919795625000003
23520000,-0.1772,0.06900003958333345
23525000,-0.17235,0.06880212291666665
23530000,-0.1617,0.06860420624999997
23535000,-0.21015,0.06840628958333339
23540000,-0.1948,0.0682083729166667
23545000,-0.13405,0.06801045625000002
23550000,-0.10835,0.06781253958333344
23555000,-0.0559,0.06761462291666676
23560000,-0.10335,0.06741670625000007
23565000,-0.1731,0.06721878958333338
23570000,-0.18295,0.0670208729166667
23575000,-0.2194,0.06682295625000001
23580000,-0.13015,0.06662503958333332
23585000,-0.09955,0.06642712291666675
23590000,-0.1363,0.06622920625000006
23595000,-0.1107,0.06603128958333337
23600000,-0.11605,0.06583337291666669
23605000,-0.13415,0.06563545625000011
23610000,-0.16215,0.06543753958333332
23615000,-0.13395,0.06523962291666663
23620000,-0.15525,0.06504170625000005
23625000,-0.2006,0.06484378958333337
23630000,-0.27215,0.06464587291666668
23635000,-0.2357,0.0644479562500001
23640000,-0.11435,0.06425003958333342
23645000,-0.1172,0.06405212291666673
23650000,-0.25325,0.06385420625000005
23655000,-0.2962,0.06365628958333336
23660000,-0.2654,0.06345837291666667
23665000,-0.25825,0.06326045624999999
23670000,-0.18485,0.06306253958333341
23675000,-0.171,0.06286462291666672
23680000,-0.22175,0.06266670625000004
23685000,-0.2417,0.06246878958333335
23690000,-0.2369,0.062270872916666775
23695000,-0.20005,0.06207295625000009
23700000,-0.1917,0.06187503958333329
23705000,-0.22575,0.061677122916666716
23710000,-0.23475,0.06147920625000003
23715000,-0.269,0.06128128958333334
23720000,-0.32035,0.06108337291666677
23725000,-0.3166,0.06088545625000008
23730000,-0.2428,0.060687539583333394
23735000,-0.119,0.06048962291666671
23740000,-0.0862,0.06029170625000002
23745000,-0.1554,0.060093789583333335
23750000,-0.1372,0.05989587291666665
23755000,-0.15155,0.05969795625000007
23760000,-0.1699,0.059500039583333386
23765000,-0.20795,0.0593021229166667
23770000,-0.1952,0.05910420625000001
23775000,-0.1746,0.05890628958333344
23780000,-0.1573,0.05870837291666675
23785000,-0.10865,0.058510456249999954
23790000,-0.1436,0.05831253958333338
23795000,-0.1443,0.05811462291666669
23800000,-0.1082,0.057916706250000005
23805000,-0.1129,0.05771878958333343
23810000,-0.17665,0.05752087291666674
23815000,-0.23485,0.05732295625000006
23820000,-0.20005,0.05712503958333337
23825000,-0.09535,0.056927122916666795
23830000,-0.1524,0.05672920625
23835000,-0.16985,0.05653128958333331
23840000,-0.12715,0.056333372916666735
23845000,-0.16605,0.05613545625000005
23850000,-0.1779,0.05593753958333336
23855000,-0.20855,0.055739622916666676
23860000,-0.2459,0.0555417062500001
23865000,-0.17885,0.055343789583333414
23870000,-0.21175,0.05514587291666673
23875000,-0.26645,0.05494795625000004
23880000,-0.22885,0.054750039583333354
23885000,-0.1674,0.05455212291666667
23890000,-0.1191,0.05435420624999998
23895000,-0.19225,0.054156289583333406
23900000,-0.24635,0.05395837291666672
23905000,-0.2102,0.05376045625000003
23910000,-0.11045,0.05356253958333346
23915000,-0.1647,0.05336462291666666
23920000,-0.2275,0.05316670624999997
23925000,-0.2002,0.0529687895833334
23930000,-0.24785,0.05277087291666671
23935000,-0.2062,0.052572956250000025
23940000,-0.1553,0.05237503958333334
23945000,-0.1783,0.05217712291666676
23950000,-0.16155,0.051979206250000076
23955000,-0.15995,0.05178128958333339
23960000,-0.1487,0.0515833729166667
23965000,-0.1939,0.05138545625000002
23970000,-0.2455,0.05118753958333333
23975000,-0.20085,0.050989622916666644
23980000,-0.11455,0.05079170625000007
23985000,-0.08065,0.05059378958333338
23990000,-0.15175,0.050395872916666695
23995000,-0.15735,0.05019795625000012
24000000,-0.10205,0.05000003958333343
24005000,-0.1205,0.05
24010000,-0.16695,0.05
24015000,-0.2007,0.05
24020000,-0.2044,0.05
24025000,-0.1194,0.05
24030000,-0.1742,0.05
24035000,-0.1981,0.05
24040000,-0.16225,0.05
24045000,-0.15515,0.05
24050000,-0.1272,0.05
24055000,-0.128,0.05
24060000,-0.14345,0.05
24065000,-0.20225,0.05
24070000,-0.1819,0.05
24075000,-0.12955,0.05
24080000,-0.1542,0.05
24085000,-0.1729,0.05
24090000,-0.1886,0.05
24095000,-0.29385,0.05
24100000,-0.2062,0.05
24105000,-0.0857,0.05
24110000,-0.15365,0.05
24115000,-0.1891,0.05
24120000,-0.1841,0.05
24125000,-0.23155,0.05
24130000,-0.15185,0.05
24135000,-0.08045,0.05
24140000,-0.15245,0.05
24145000,-0.1423,0.05
24150000,-0.13495,0.05
24155000,-0.17345,0.05
24160000,-0.13965,0.05
24165000,-0.1311,0.05
24170000,-0.12195,0.05
24175000,-0.164,0.05
24180000,-0.22805,0.05
24185000,-0.26205,0.05
24190000,-0.2908,0.05
24195000,-0.25865,0.05
24200000,-0.1851,0.05
24205000,-0.2077,0.05
24210000,-0.24775,0.05
24215000,-0.18865,0.05
24220000,-0.19145,0.05
24225000,-0.13175,0.05
24230000,-0.09515,0.05
24235000,-0.15815,0.05
24240000,-0.0848,0.05
24245000,-0.0447,0.05
24250000,-0.12225,0.05
24255000,-0.1382,0.05
24260000,-0.1743,0.05
24265000,-0.21135,0.05
24270000,-0.1951,0.05
24275000,-0.23315,0.05
24280000,-0.27195,0.05
24285000,-0.22585,0.05
24290000,-0.2077,0.05
24295000,-0.1966,0.05
24300000,-0.11345,0.05
24305000,-0.14935,0.05
24310000,-0.22705,0.05
24315000,-0.08155,0.05
24320000,-0.047,0.05
24325000,-0.06725,0.05
24330000,-0.0464,0.05
24335000,-0.09895,0.05
24340000,-0.14525,0.05
24345000,-0.19325,0.05
24350000,-0.13805,0.05
24355000,-0.16085,0.05
24360000,-0.2789,0.05
24365000,-0.24515,0.05
24370000,-0.1391,0.05
24375000,-0.0855,0.05
24380000,-0.16125,0.05
24385000,-0.24335,0.05
24390000,-0.1596,0.05
24395000,-0.1732,0.05
24400000,-0.21095,0.05
24405000,-0.18105,0.05
24410000,-0.1554,0.05
24415000,-0.1434,0.05
24420000,-0.23975,0.05
24425000,-0.2692,0.05
24430000,-0.26855,0.05
24435000,-0.22765,0.05
24440000,-0.1659,0.05
24445000,-0.18665,0.05
24450000,-0.2111,0.05
24455000,-0.20695,0.05
24460000,-0.1169,0.05
24465000,-0.1172,0.05
24470000,-0.21255,0.05
24475000,-0.20265,0.05
24480000,-0.17385,0.05
24485000,-0.1571,0.05
24490000,-0.1286,0.05
24495000,-0.1736,0.05
24500000,-0.2207,0.05
24505000,-0.23425,0.05
24510000,-0.2268,0.05
24515000,-0.13205,0.05
24520000,-0.11515,0.05
24525000,-0.1851,0.05
24530000,-0.1432,0.05
24535000,-0.17035,0.05
24540000,-0.22855,0.05
24545000,-0.1947,0.05
24550000,-0.13305,0.05
24555000,-0.1918,0.05
24560000,-0.25225,0.05
24565000,-0.13135,0.05
24570000,-0.09675,0.05
24575000,-0.2172,0.05
24580000,-0.2585,0.05
24585000,-0.201,0.05
24590000,-0.1652,0.05
24595000,-0.17875,0.05
24600000,-0.19265,0.05
24605000,-0.1663,0.05
24610000,-0.14375,0.05
24615000,-0.159,0.05
24620000,-0.1862,0.05
24625000,-0.09,0.05
24630000,-0.06615,0.05
24635000,-0.16475,0.05
24640000,-0.2498,0.05
24645000,-0.2256,0.05
24650000,-0.1569,0.05
24655000,-0.1514,0.05
24660000,-0.18675,0.05
24665000,-0.2043,0.05
24670000,-0.12915,0.05
24675000,-0.14875,0.05
24680000,-0.1656,0.05
24685000,-0.08315,0.05
24690000,-0.10895,0.05
24695000,-0.1446,0.05
24700000,-0.1478,0.05
24705000,-0.1906,0.05
24710000,-0.1845,0.05
24715000,-0.13735,0.05
24720000,-0.1192,0.05
24725000,-0.19185,0.05
24730000,-0.2086,0.05
24735000,-0.19375,0.05
24740000,-0.1897,0.05
24745000,-0.0878,0.05
24750000,-0.0911,0.05
24755000,-0.17855,0.05
24760000,-0.16375,0.05
24765000,-0.108,0.05
24770000,-0.1023,0.05
24775000,-0.13735,0.05
24780000,-0.17775,0.05
24785000,-0.18945,0.05
24790000,-0.1485,0.05
24795000,-0.06285,0.05
24800000,-0.09745,0.05
24805000,-0.14485,0.05
24810000,-0.13275,0.05
24815000,-0.2338,0.05
24820000,-0.17745,0.05
24825000,-0.06965,0.05
24830000,-0.1445,0.05
24835000,-0.20845,0.05
24840000,-0.24135,0.05
24845000,-0.23805,0.05
24850000,-0.21725,0.05
24855000,-0.14835,0.05
24860000,-0.0766,0.05
24865000,-0.1642,0.05
24870000,-0.20815,0.05
24875000,-0.153,0.05
24880000,-0.17635,0.05
24885000,-0.1794,0.05
24890000,-0.1439,0.05
24895000,-0.225,0.05
24900000,-0.19745,0.05
24905000,-0.15875,0.05
24910000,-0.1584,0.05
24915000,-0.13595,0.05
24920000,-0.1805,0.05
24925000,-0.17335,0.05
24930000,-0.1136,0.05
24935000,-0.08085,0.05
24940000,-0.12985,0.05
24945000,-0.08265,0.05
24950000,-0.1239,0.05
24955000,-0.21005,0.05
24960000,-0.2137,0.05
24965000,-0.1618,0.05
24970000,-0.1323,0.05
24975000,-0.1779,0.05
24980000,-0.15095,0.05
24985000,-0.13585,0.05
24990000,-0.09645,0.05
24995000,-0.09905,0.05
25000000,-0.14515,0.05
25005000,-0.2133,0.05
25010000,-0.23265,0.05
25015000,-0.1943,0.05
25020000,-0.201,0.05
25025000,-0.20605,0.05
25030000,-0.271,0.05
25035000,-0.23895,0.05
25040000,-0.1936,0.05
25045000,-0.2362,0.05
25050000,-0.24265,0.05
25055000,-0.1684,0.05
25060000,-0.1014,0.05
25065000,-0.16195,0.05
25070000,-0.11725,0.05
25075000,-0.0799,0.05
25080000,-0.1777,0.05
25085000,-0.1801,0.05
25090000,-0.15875,0.05
25095000,-0.1561,0.05
25100000,-0.1851,0.05
25105000,-0.17545,0.05
25110000,-0.13795,0.05
25115000,-0.2227,0.05
25120000,-0.19595,0.05
25125000,-0.13275,0.05
25130000,-0.07495,0.05
25135000,-0.07345,0.05
25140000,-0.12475,0.05
25145000,-0.1101,0.05
25150000,-0.12985,0.05
25155000,-0.11675,0.05
25160000,-0.19405,0.05
25165000,-0.26275,0.05
25170000,-0.1938,0.05
25175000,-0.253,0.05
25180000,-0.34265,0.05
25185000,-0.21415,0.05
25190000,-0.132,0.05
25195000,-0.1596,0.05
25200000,-0.15025,0.05
25205000,-0.16365,0.05
25210000,-0.1462,0.05
25215000,-0.10115,0.05
25220000,-0.14,0.05
25225000,-0.24545,0.05
25230000,-0.25685,0.05
25235000,-0.151,0.05
25240000,-0.1126,0.05
25245000,-0.1921,0.05
25250000,-0.225,0.05
25255000,-0.18655,0.05
25260000,-0.18695,0.05
25265000,-0.2032,0.05
25270000,-0.19445,0.05
25275000,-0.16785,0.05
25280000,-0.13805,0.05
25285000,-0.12305,0.05
25290000,-0.21505,0.05
25295000,-0.2158,0.05
25300000,-0.1195,0.05
25305000,-0.18055,0.05
25310000,-0.17175,0.05
25315000,-0.18705,0.05
25320000,-0.25,0.05
25325000,-0.207,0.05
25330000,-0.1851,0.05
25335000,-0.16465,0.05
25340000,-0.14905,0.05
25345000,-0.1664,0.05
25350000,-0.1127,0.05
25355000,-0.11665,0.05
25360000,-0.2025,0.05
25365000,-0.22655,0.05
25370000,-0.22415,0.05
25375000,-0.20605,0.05
25380000,-0.1582,0.05
25385000,-0.1558,0.05
25390000,-0.14685,0.05
25395000,-0.1363,0.05
25400000,-0.1534,0.05
25405000,-0.0871,0.05
25410000,-0.1153,0.05
25415000,-0.1721,0.05
25420000,-0.08965,0.05
25425000,-0.1026,0.05
25430000,-0.15795,0.05
25435000,-0.07635,0.05
25440000,-0.04645,0.05
25445000,-0.1262,0.05
25450000,-0.1868,0.05
25455000,-0.12255,0.05
25460000,-0.07335,0.05
25465000,-0.0601,0.05
25470000,-0.12355,0.05
25475000,-0.1797,0.05
25480000,-0.1787,0.05
25485000,-0.1584,0.05
25490000,-0.1183,0.05
25495000,-0.12885,0.05
25500000,-0.16375,0.05
25505000,-0.2196,0.05
25510000,-0.20265,0.05
25515000,-0.18045,0.05
25520000,-0.2138,0.05
25525000,-0.19555,0.05
25530000,-0.1905,0.05
25535000,-0.2818,0.05
25540000,-0.24515,0.05
25545000,-0.18115,0.05
25550000,-0.12925,0.05
25555000,-0.18315,0.05
25560000,-0.2383,0.05
25565000,-0.167,0.05
25570000,-0.19865,0.05
25575000,-0.173,0.05
25580000,-0.18225,0.05
25585000,-0.2449,0.05
25590000,-0.19225,0.05
25595000,-0.15415,0.05
25600000,-0.21975,0.05
25605000,-0.18595,0.05
25610000,-0.1974,0.05
25615000,-0.20815,0.05
25620000,-0.1598,0.05
25625000,-0.16325,0.05
25630000,-0.12365,0.05
25635000,-0.1728,0.05
25640000,-0.1659,0.05
25645000,-0.16645,0.05
25650000,-0.23535,0.05
25655000,-0.24135,0.05
25660000,-0.2426,0.05
25665000,-0.2459,0.05
25670000,-0.18495,0.05
25675000,-0.22025,0.05
25680000,-0.14545,0.05
25685000,-0.00725,0.05
25690000,-0.07375,0.05
25695000,-0.1369,0.05
25700000,-0.1734,0.05
25705000,-0.12395,0.05
25710000,-0.1533,0.05
25715000,-0.2337,0.05
25720000,-0.232,0.05
25725000,-0.2296,0.05
25730000,-0.1809,0.05
25735000,-0.17805,0.05
25740000,-0.21965,0.05
25745000,-0.1864,0.05
25750000,-0.1883,0.05
25755000,-0.1456,0.05
25760000,-0.1155,0.05
25765000,-0.1945,0.05
25770000,-0.1454,0.05
25775000,-0.16815,0.05
25780000,-0.23565,0.05
25785000,-0.1989,0.05
25790000,-0.1537,0.05
25795000,-0.1914,0.05
25800000,-0.25895,0.05
25805000,-0.12435,0.05
25810000,-0.0762,0.05
25815000,-0.17955,0.05
25820000,-0.1847,0.05
25825000,-0.19885,0.05
25830000,-0.2329,0.05
25835000,-0.1944,0.05
25840000,-0.1902,0.05
25845000,-0.20445,0.05
25850000,-0.2125,0.05
25855000,-0.2544,0.05
25860000,-0.22065,0.05
25865000,-0.1595,0.05
25870000,-0.25785,0.05
25875000,-0.30445,0.05
25880000,-0.2283,0.05
25885000,-0.20495,0.05
25890000,-0.1991,0.05
25895000,-0.2109,0.05
25900000,-0.1739,0.05
25905000,-0.16525,0.05
25910000,-0.137,0.05
25915000,-0.16825,0.05
25920000,-0.2165,0.05
25925000,-0.1864,0.05
25930000,-0.2022,0.05
25935000,-0.19595,0.05
25940000,-0.16915,0.05
25945000,-0.17445,0.05
25950000,-0.2357,0.05
25955000,-0.27915,0.05
25960000,-0.2225,0.05
25965000,-0.2146,0.05
25970000,-0.23845,0.05
25975000,-0.19745,0.05
25980000,-0.1926,0.05
25985000,-0.1845,0.05
25990000,-0.13645,0.05
25995000,-0.15625,0.05
26000000,-0.10425,0.05
26005000,-0.1289,0.05
26010000,-0.144,0.05
26015000,-0.12385,0.05
26020000,-0.13305,0.05
26025000,-0.11905,0.05
26030000,-0.21175,0.05
26035000,-0.1602,0.05
26040000,-0.1904,0.05
26045000,-0.19775,0.05
26050000,-0.1606,0.05
26055000,-0.18035,0.05
26060000,-0.1479,0.05
26065000,-0.0678,0.05
26070000,-0.13965,0.05
26075000,-0.24735,0.05
26080000,-0.12045,0.05
26085000,-0.08985,0.05
26090000,-0.10875,0.05
26095000,-0.1306,0.05
26100000,-0.1303,0.05
26105000,-0.09665,0.05
26110000,-0.1289,0.05
26115000,-0.08515,0.05
26120000,0.03975,0.05
26125000,0.0087,0.05
26130000,-0.15815,0.05
26135000,-0.10995,0.05
26140000,-0.1097,0.05
26145000,-0.18625,0.05
26150000,-0.20295,0.05
26155000,-0.23985,0.05
26160000,-0.2499,0.05
26165000,-0.0677,0.05
26170000,-0.0742,0.05
26175000,-0.19315,0.05
26180000,-0.15795,0.05
26185000,-0.17375,0.05
26190000,-0.0987,0.05
26195000,-0.06515,0.05
26200000,-0.14965,0.05
26205000,-0.2075,0.05
26210000,-0.17145,0.05
26215000,-0.2053,0.05
26220000,-0.22155,0.05
26225000,-0.1883,0.05
26230000,-0.17785,0.05
26235000,-0.15495,0.05
26240000,-0.1182,0.05
26245000,-0.15065,0.05
26250000,-0.2156,0.05
26255000,-0.21175,0.05
26260000,-0.17855,0.05
26265000,-0.18525,0.05
26270000,-0.26735,0.05
26275000,-0.2676,0.05
26280000,-0.1278,0.05
26285000,-0.09735,0.05
26290000,-0.1911,0.05
26295000,-0.2035,0.05
26300000,-0.16795,0.05
26305000,-0.17775,0.05
26310000,-0.2487,0.05
26315000,-0.24615,0.05
26320000,-0.1612,0.05
26325000,-0.17265,0.05
26330000,-0.2136,0.05
26335000,-0.2502,0.05
26340000,-0.2583,0.05
26345000,-0.22805,0.05
26350000,-0.19765,0.05
26355000,-0.14575,0.05
26360000,-0.12845,0.05
26365000,-0.1264,0.05
26370000,-0.0477,0.05
26375000,-0.10945,0.05
26380000,-0.17865,0.05
26385000,-0.1435,0.05
26390000,-0.1805,0.05
26395000,-0.14335,0.05
26400000,-0.11945,0.05
26405000,-0.18105,0.05
26410000,-0.20415,0.05
26415000,-0.203,0.05
26420000,-0.2253,0.05
26425000,-0.21925,0.05
26430000,-0.22125,0.05
26435000,-0.2118,0.05
26440000,-0.1658,0.05
26445000,-0.13495,0.05
26450000,-0.1802,0.05
26455000,-0.2728,0.05
26460000,-0.29705,0.05
26465000,-0.2017,0.05
26470000,-0.1606,0.05
26475000,-0.2199,0.05
26480000,-0.17355,0.05
26485000,-0.14965,0.05
26490000,-0.22255,0.05
26495000,-0.21015,0.05
26500000,-0.1416,0.05
26505000,-0.22155,0.05
26510000,-0.26555,0.05
26515000,-0.22965,0.05
26520000,-0.1733,0.05
26525000,-0.1292,0.05
26530000,-0.1703,0.05
26535000,-0.2226,0.05
26540000,-0.2748,0.05
26545000,-0.2299,0.05
26550000,-0.12685,0.05
26555000,-0.09895,0.05
26560000,-0.137,0.05
26565000,-0.1668,0.05
26570000,-0.11155,0.05
26575000,-0.11735,0.05
26580000,-0.20245,0.05
26585000,-0.2161,0.05
26590000,-0.17725,0.05
26595000,-0.2156,0.05
26600000,-0.21235,0.05
26605000,-0.1305,0.05
26610000,-0.17795,0.05
26615000,-0.1812,0.05
26620000,-0.1605,0.05
26625000,-0.22315,0.05
26630000,-0.188,0.05
26635000,-0.1718,0.05
26640000,-0.2158,0.05
26645000,-0.21195,0.05
26650000,-0.1929,0.05
26655000,-0.18945,0.05
26660000,-0.16155,0.05
26665000,-0.1367,0.05
26670000,-0.16055,0.05
26675000,-0.159,0.05
26680000,-0.2227,0.05
26685000,-0.20655,0.05
26690000,-0.19895,0.05
26695000,-0.2215,0.05
26700000,-0.1785,0.05
26705000,-0.22585,0.05
26710000,-0.06895,0.05
26715000,-0.02765,0.05
26720000,-0.1713,0.05
26725000,-0.0486,0.05
26730000,0.034,0.05
26735000,-0.0314,0.05
26740000,-0.0925,0.05
26745000,-0.10685,0.05
26750000,-0.1199,0.05
26755000,-0.12135,0.05
26760000,-0.20535,0.05
26765000,-0.1057,0.05
26770000,-0.06845,0.05
26775000,-0.19665,0.05
26780000,-0.06995,0.05
26785000,-0.1224,0.05
26790000,-0.21,0.05
26795000,-0.1639,0.05
26800000,-0.19355,0.05
26805000,-0.1759,0.05
26810000,-0.13385,0.05
26815000,-0.14615,0.05
26820000,-0.1908,0.05
26825000,-0.16525,0.05
26830000,-0.1773,0.05
26835000,-0.1857,0.05
26840000,-0.1594,0.05
26845000,-0.1641,0.05
26850000,-0.23245,0.05
26855000,-0.25265,0.05
26860000,-0.208,0.05
26865000,-0.21325,0.05
26870000,-0.1513,0.05
26875000,-0.0963,0.05
26880000,-0.16745,0.05
26885000,-0.23955,0.05
26890000,-0.1828,0.05
26895000,-0.1791,0.05
26900000,-0.21155,0.05
26905000,-0.19835,0.05
26910000,-0.18895,0.05
26915000,-0.1696,0.05
26920000,-0.12305,0.05
26925000,-0.124,0.05
26930000,-0.1831,0.05
26935000,-0.22185,0.05
26940000,-0.2267,0.05
26945000,-0.2328,0.05
26950000,-0.22315,0.05
26955000,-0.25155,0.05
26960000,-0.27145,0.05
26965000,-0.22495,0.05
26970000,-0.1715,0.05
26975000,-0.1426,0.05
26980000,-0.05615,0.05
26985000,-0.15215,0.05
26990000,-0.2746,0.05
26995000,-0.2347,0.05
27000000,-0.1586,0.05
27005000,-0.14075,0.05
27010000,-0.19165,0.05
27015000,-0.1776,0.05
27020000,-0.1986,0.05
27025000,-0.18095,0.05
27030000,-0.1642,0.05
27035000,-0.1767,0.05
27040000,-0.12965,0.05
27045000,-0.15755,0.05
27050000,-0.2021,0.05
27055000,-0.18915,0.05
27060000,-0.2375,0.05
27065000,-0.13955,0.05
27070000,-0.0765,0.05
27075000,-0.1545,0.05
27080000,-0.144,0.05
27085000,-0.1199,0.05
27090000,-0.16005,0.05
27095000,-0.20575,0.05
27100000,-0.161,0.05
27105000,-0.10765,0.05
27110000,-0.0567,0.05
27115000,-0.1095,0.05
27120000,-0.22035,0.05
27125000,-0.21975,0.05
27130000,-0.20925,0.05
27135000,-0.1176,0.05
27140000,-0.1566,0.05
27145000,-0.2235,0.05
27150000,-0.18865,0.05
27155000,-0.1216,0.05
27160000,-0.14325,0.05
27165000,-0.17475,0.05
27170000,-0.08565,0.05
27175000,-0.10795,0.05
27180000,-0.1808,0.05
27185000,-0.18075,0.05
27190000,-0.22165,0.05
27195000,-0.2935,0.05
27200000,-0.25565,0.05
27205000,-0.21995,0.05
27210000,-0.17075,0.05
27215000,-0.16415,0.05
27220000,-0.1975,0.05
27225000,-0.21505,0.05
27230000,-0.19715,0.05
27235000,-0.2094,0.05
27240000,-0.2047,0.05
27245000,-0.15485,0.05
27250000,-0.18575,0.05
27255000,-0.19515,0.05
27260000,-0.2349,0.05
27265000,-0.24615,0.05
27270000,-0.1603,0.05
27275000,-0.1253,0.05
27280000,-0.17755,0.05
27285000,-0.18235,0.05
27290000,-0.15385,0.05
27295000,-0.1701,0.05
27300000,-0.1206,0.05
27305000,-0.14165,0.05
27310000,-0.18715,0.05
27315000,-0.24325,0.05
27320000,-0.28075,0.05
27325000,-0.16875,0.05
27330000,-0.05825,0.05
27335000,-0.09425,0.05
27340000,-0.17395,0.05
27345000,-0.1693,0.05
27350000,-0.20675,0.05
27355000,-0.2386,0.05
27360000,-0.22295,0.05
27365000,-0.189,0.05
27370000,-0.1288,0.05
27375000,-0.15725,0.05
27380000,-0.22135,0.05
27385000,-0.1364,0.05
27390000,-0.15075,0.05
27395000,-0.2531,0.05
27400000,-0.19785,0.05
27405000,-0.1498,0.05
27410000,-0.2312,0.05
27415000,-0.2658,0.05
27420000,-0.24525,0.05
27425000,-0.2158,0.05
27430000,-0.2043,0.05
27435000,-0.219,0.05
27440000,-0.2048,0.05
27445000,-0.17705,0.05
27450000,-0.145,0.05
27455000,-0.18915,0.05
27460000,-0.27505,0.05
27465000,-0.2757,0.05
27470000,-0.2055,0.05
27475000,-0.19575,0.05
27480000,-0.15545,0.05
27485000,-0.08105,0.05
27490000,-0.1016,0.05
27495000,-0.156,0.05
27500000,-0.08135,0.05
27505000,-0.0764,0.05
27510000,-0.15545,0.05
27515000,-0.1459,0.05
27520000,-0.05285,0.05
27525000,-0.1028,0.05
27530000,-0.16425,0.05
27535000,-0.117,0.05
27540000,-0.14055,0.05
27545000,-0.12595,0.05
27550000,-0.14415,0.05
27555000,-0.19985,0.05
27560000,-0.2075,0.05
27565000,-0.1666,0.05
27570000,-0.1544,0.05
27575000,-0.17135,0.05
27580000,-0.1768,0.05
27585000,-0.14055,0.05
27590000,-0.17375,0.05
27595000,-0.2597,0.05
27600000,-0.22405,0.05
27605000,-0.21825,0.05
27610000,-0.14965,0.05
27615000,-0.13785,0.05
27620000,-0.2388,0.05
27625000,-0.2763,0.05
27630000,-0.23205,0.05
27635000,-0.18895,0.05
27640000,-0.1929,0.05
27645000,-0.1574,0.05
27650000,-0.1497,0.05
27655000,-0.1697,0.05
27660000,-0.1884,0.05
27665000,-0.11905,0.05
27670000,-0.1266,0.05
27675000,-0.1751,0.05
27680000,-0.16345,0.05
27685000,-0.16405,0.05
27690000,-0.1419,0.05
27695000,-0.14275,0.05
27700000,-0.15895,0.05
27705000,-0.17155,0.05
27710000,-0.1937,0.05
27715000,-0.20285,0.05
27720000,-0.1577,0.05
27725000,-0.11505,0.05
27730000,-0.1636,0.05
27735000,-0.24325,0.05
27740000,-0.193,0.05
27745000,-0.0926,0.05
27750000,-0.1197,0.05
27755000,-0.15935,0.05
27760000,-0.21955,0.05
27765000,-0.2586,0.05
27770000,-0.23385,0.05
27775000,-0.2253,0.05
27780000,-0.23895,0.05
27785000,-0.217,0.05
27790000,-0.22125,0.05
27795000,-0.22595,0.05
27800000,-0.176,0.05
27805000,-0.1726,0.05
27810000,-0.1993,0.05
27815000,-0.20255,0.05
27820000,-0.19665,0.05
27825000,-0.0993,0.05
27830000,-0.10535,0.05
27835000,-0.2316,0.05
27840000,-0.1839,0.05
27845000,-0.20575,0.05
27850000,-0.2239,0.05
27855000,-0.1393,0.05
27860000,-0.1726,0.05
27865000,-0.1829,0.05
27870000,-0.12665,0.05
27875000,-0.14165,0.05
27880000,-0.201,0.05
27885000,-0.22115,0.05
27890000,-0.18845,0.05
27895000,-0.1975,0.05
27900000,-0.22335,0.05
27905000,-0.1534,0.05
27910000,-0.13665,0.05
27915000,-0.16,0.05
27920000,-0.1301,0.05
27925000,-0.1631,0.05
27930000,-0.2364,0.05
27935000,-0.13885,0.05
27940000,-0.18605,0.05
27945000,-0.30515,0.05
27950000,-0.2319,0.05
27955000,-0.20355,0.05
27960000,-0.14025,0.05
27965000,-0.1024,0.05
27970000,-0.1372,0.05
27975000,-0.1738,0.05
27980000,-0.13915,0.05
27985000,-0.0892,0.05
27990000,-0.15165,0.05
27995000,-0.1311,0.05
28000000,-0.04285,0.05
28005000,-0.1078,0.05
28010000,-0.15865,0.05
28015000,-0.11575,0.05
28020000,-0.1316,0.05
28025000,-0.15205,0.05
28030000,-0.1273,0.05
28035000,-0.13425,0.05
28040000,-0.18835,0.05
28045000,-0.1954,0.05
28050000,-0.1916,0.05
28055000,-0.17805,0.05
28060000,-0.1987,0.05
28065000,-0.1998,0.05
28070000,-0.1065,0.05
28075000,-0.1181,0.05
28080000,-0.11515,0.05
28085000,-0.1243,0.05
28090000,-0.1309,0.05
28095000,-0.1446,0.05
28100000,-0.19655,0.05
28105000,-0.18465,0.05
28110000,-0.1724,0.05
28115000,-0.1479,0.05
28120000,-0.17705,0.05
28125000,-0.2071,0.05
28130000,-0.19085,0.05
28135000,-0.1648,0.05
28140000,-0.06235,0.05
28145000,-0.09835,0.05
28150000,-0.2403,0.05
28155000,-0.1765,0.05
28160000,-0.15565,0.05
28165000,-0.1468,0.05
28170000,-0.16405,0.05
28175000,-0.17805,0.05
28180000,-0.12295,0.05
28185000,-0.2118,0.05
28190000,-0.2433,0.05
28195000,-0.1603,0.05
28200000,-0.0786,0.05
28205000,-0.13465,0.05
28210000,-0.1357,0.05
28215000,-0.05435,0.05
28220000,-0.08505,0.05
28225000,-0.1019,0.05
28230000,-0.19675,0.05
28235000,-0.26725,0.05
28240000,-0.2263,0.05
28245000,-0.22745,0.05
28250000,-0.2265,0.05
28255000,-0.2286,0.05
28260000,-0.15405,0.05
28265000,-0.1585,0.05
28270000,-0.2164,0.05
28275000,-0.23925,0.05
28280000,-0.2784,0.05
28285000,-0.2544,0.05
28290000,-0.24145,0.05
28295000,-0.1958,0.05
28300000,-0.15845,0.05
28305000,-0.16165,0.05
28310000,-0.15105,0.05
28315000,-0.182,0.05
28320000,-0.16135,0.05
28325000,-0.18195,0.05
28330000,-0.21525,0.05
28335000,-0.1525,0.05
28340000,-0.17485,0.05
28345000,-0.18885,0.05
28350000,-0.23695,0.05
28355000,-0.24565,0.05
28360000,-0.18295,0.05
28365000,-0.21125,0.05
28370000,-0.1592,0.05
28375000,-0.1582,0.05
28380000,-0.19425,0.05
28385000,-0.1363,0.05
28390000,-0.2082,0.05
28395000,-0.2143,0.05
28400000,-0.1315,0.05
28405000,-0.1637,0.05
28410000,-0.12095,0.05
28415000,-0.0914,0.05
28420000,-0.179,0.05
28425000,-0.1672,0.05
28430000,-0.12665,0.05
28435000,-0.1608,0.05
28440000,-0.191,0.05
28445000,-0.1455,0.05
28450000,-0.13285,0.05
28455000,-0.13995,0.05
28460000,-0.0702,0.05
28465000,-0.1711,0.05
28470000,-0.1731,0.05
28475000,-0.09385,0.05
28480000,-0.17595,0.05
28485000,-0.2348,0.05
28490000,-0.23025,0.05
28495000,-0.20515,0.05
28500000,-0.21035,0.05
28505000,-0.2005,0.05
28510000,-0.1811,0.05
28515000,-0.15235,0.05
28520000,-0.1512,0.05
28525000,-0.20275,0.05
28530000,-0.2202,0.05
28535000,-0.1918,0.05
28540000,-0.14795,0.05
28545000,-0.17895,0.05
28550000,-0.1974,0.05
28555000,-0.13965,0.05
28560000,-0.1401,0.05
28565000,-0.19845,0.05
28570000,-0.2733,0.05
28575000,-0.24505,0.05
28580000,-0.25335,0.05
28585000,-0.1829,0.05
28590000,-0.114,0.05
28595000,-0.1496,0.05
28600000,-0.1394,0.05
28605000,-0.0689,0.05
28610000,-0.09475,0.05
28615000,-0.19375,0.05
28620000,-0.211,0.05
28625000,-0.21415,0.05
28630000,-0.21995,0.05
28635000,-0.22265,0.05
28640000,-0.1358,0.05
28645000,-0.17055,0.05
28650000,-0.1889,0.05
28655000,-0.1724,0.05
28660000,-0.2321,0.05
28665000,-0.2262,0.05
28670000,-0.23725,0.05
28675000,-0.20075,0.05
28680000,-0.16055,0.05
28685000,-0.17925,0.05
28690000,-0.14675,0.05
28695000,-0.2035,0.05
28700000,-0.2948,0.05
28705000,-0.2357,0.05
28710000,-0.1745,0.05
28715000,-0.1836,0.05
28720000,-0.1784,0.05
28725000,-0.1386,0.05
28730000,-0.11985,0.05
28735000,-0.179,0.05
28740000,-0.17535,0.05
28745000,-0.12255,0.05
28750000,-0.1945,0.05
28755000,-0.12625,0.05
28760000,-0.0843,0.05
28765000,-0.17735,0.05
28770000,-0.1793,0.05
28775000,-0.25455,0.05
28780000,-0.2563,0.05
28785000,-0.1657,0.05
28790000,-0.176,0.05
28795000,-0.1404,0.05
28800000,-0.12905,0.05
28805000,-0.14685,0.05
28810000,-0.0695,0.05
28815000,-0.0981,0.05
28820000,-0.18775,0.05
28825000,-0.2363,0.05
28830000,-0.2417,0.05
28835000,-0.21575,0.05
28840000,-0.18635,0.05
28845000,-0.14625,0.05
28850000,-0.19065,0.05
28855000,-0.2946,0.05
28860000,-0.2902,0.05
28865000,-0.2185,0.05
28870000,-0.27275,0.05
28875000,-0.24955,0.05
28880000,-0.1937,0.05
28885000,-0.1984,0.05
28890000,-0.18635,0.05
28895000,-0.1706,0.05
28900000,-0.1096,0.05
28905000,-0.12985,0.05
28910000,-0.12255,0.05
28915000,-0.15485,0.05
28920000,-0.24915,0.05
28925000,-0.20945,0.05
28930000,-0.1405,0.05
28935000,-0.1681,0.05
28940000,-0.1456,0.05
28945000,-0.15215,0.05
28950000,-0.07885,0.05
28955000,-0.01355,0.05
28960000,-0.0831,0.05
28965000,-0.0901,0.05
28970000,-0.15315,0.05
28975000,-0.20495,0.05
28980000,-0.2003,0.05
28985000,-0.1609,0.05
28990000,-0.18785,0.05
28995000,-0.19675,0.05
29000000,-0.15705,0.05
29005000,-0.18595,0.05
29010000,-0.2062,0.05
29015000,-0.1967,0.05
29020000,-0.2301,0.05
29025000,-0.2329,0.05
29030000,-0.18475,0.05
29035000,-0.25785,0.05
29040000,-0.28575,0.05
29045000,-0.05145,0.05
29050000,-0.01115,0.05
29055000,-0.16875,0.05
29060000,-0.193,0.05
29065000,-0.13185,0.05
29070000,-0.15065,0.05
29075000,-0.2554,0.05
29080000,-0.218,0.05
29085000,-0.1925,0.05
29090000,-0.211,0.05
29095000,-0.21835,0.05
29100000,-0.16885,0.05
29105000,-0.1243,0.05
29110000,-0.15625,0.05
29115000,-0.1368,0.05
29120000,-0.1335,0.05
29125000,-0.1858,0.05
29130000,-0.1686,0.05
29135000,-0.13455,0.05
29140000,-0.2033,0.05
29145000,-0.2572,0.05
29150000,-0.1755,0.05
29155000,-0.12805,0.05
29160000,-0.18175,0.05
29165000,-0.19345,0.05
29170000,-0.145,0.05
29175000,-0.10765,0.05
29180000,-0.0969,0.05
29185000,-0.0935,0.05
29190000,-0.105,0.05
29195000,-0.12145,0.05
29200000,-0.12455,0.05
29205000,-0.238,0.05
29210000,-0.28925,0.05
29215000,-0.08255,0.05
29220000,-0.021,0.05
29225000,-0.15855,0.05
29230000,-0.20915,0.05
29235000,-0.1684,0.05
29240000,-0.1928,0.05
29245000,-0.20275,0.05
29250000,-0.18425,0.05
29255000,-0.19535,0.05
29260000,-0.13965,0.05
29265000,-0.07105,0.05
29270000,-0.04025,0.05
29275000,-0.1461,0.05
29280000,-0.23085,0.05
29285000,-0.21365,0.05
29290000,-0.15975,0.05
29295000,-0.1072,0.05
29300000,-0.14385,0.05
29305000,-0.17555,0.05
29310000,-0.17985,0.05
29315000,-0.18045,0.05
29320000,-0.15345,0.05
29325000,-0.17855,0.05
29330000,-0.1171,0.05
29335000,-0.07665,0.05
29340000,-0.185,0.05
29345000,-0.2115,0.05
29350000,-0.18545,0.05
29355000,-0.1153,0.05
29360000,-0.014,0.05
29365000,-0.08315,0.05
29370000,-0.2099,0.05
29375000,-0.1985,0.05
29380000,-0.19695,0.05
29385000,-0.19875,0.05
29390000,-0.1389,0.05
29395000,-0.16265,0.05
29400000,-0.21955,0.05
29405000,-0.1352,0.05
29410000,-0.1152,0.05
29415000,-0.1662,0.05
29420000,-0.19805,0.05
29425000,-0.23275,0.05
29430000,-0.22645,0.05
29435000,-0.19615,0.05
29440000,-0.13885,0.05
29445000,-0.16765,0.05
29450000,-0.1774,0.05
29455000,-0.13275,0.05
29460000,-0.1313,0.05
29465000,-0.1854,0.05
29470000,-0.23855,0.05
29475000,-0.19795,0.05
29480000,-0.15155,0.05
29485000,-0.13825,0.05
29490000,-0.15995,0.05
29495000,-0.17985,0.05
29500000,-0.06545,0.05
29505000,-0.0922,0.05
29510000,-0.21285,0.05
29515000,-0.1813,0.05
29520000,-0.183,0.05
29525000,-0.15315,0.05
29530000,-0.1488,0.05
29535000,-0.1624,0.05
29540000,-0.19025,0.05
29545000,-0.2011,0.05
29550000,-0.1389,0.05
29555000,-0.1737,0.05
29560000,-0.15805,0.05
29565000,-0.1023,0.05
29570000,-0.18895,0.05
29575000,-0.20785,0.05
29580000,-0.1867,0.05
29585000,-0.2428,0.05
29590000,-0.1553,0.05
29595000,-0.08255,0.05
29600000,-0.13685,0.05
29605000,-0.2096,0.05
29610000,-0.23745,0.05
29615000,-0.21185,0.05
29620000,-0.24455,0.05
29625000,-0.24495,0.05
29630000,-0.23805,0.05
29635000,-0.17165,0.05
29640000,-0.13675,0.05
29645000,-0.174,0.05
29650000,-0.20065,0.05
29655000,-0.2483,0.05
29660000,-0.2499,0.05
29665000,-0.23675,0.05
29670000,-0.2099,0.05
29675000,-0.1873,0.05
29680000,-0.1662,0.05
29685000,-0.1684,0.05
29690000,-0.15775,0.05
29695000,-0.14185,0.05
29700000,-0.1841,0.05
29705000,-0.193,0.05
29710000,-0.23185,0.05
29715000,-0.2165,0.05
29720000,-0.17125,0.05
29725000,-0.16215,0.05
29730000,-0.1232,0.05
29735000,-0.1488,0.05
29740000,-0.181,0.05
29745000,-0.17055,0.05
29750000,-0.0683,0.05
29755000,-0.06785,0.05
29760000,-0.2024,0.05
29765000,-0.16615,0.05
29770000,-0.13835,0.05
29775000,-0.1785,0.05
29780000,-0.1582,0.05
29785000,-0.13825,0.05
29790000,-0.14005,0.05
29795000,-0.1093,0.05
29800000,-0.0502,0.05
29805000,-0.0874,0.05
29810000,-0.1012,0.05
29815000,-0.1496,0.05
29820000,-0.23635,0.05
29825000,-0.26455,0.05
29830000,-0.24195,0.05
29835000,-0.199,0.05
29840000,-0.2262,0.05
29845000,-0.2358,0.05
29850000,-0.25685,0.05
29855000,-0.17385,0.05
29860000,-0.13875,0.05
29865000,-0.152,0.05
29870000,-0.07565,0.05
29875000,-0.1528,0.05
29880000,-0.1714,0.05
29885000,-0.15605,0.05
29890000,-0.2574,0.05
29895000,-0.26565,0.05
29900000,-0.1979,0.05
29905000,-0.21775,0.05
29910000,-0.2156,0.05
29915000,-0.189,0.05
29920000,-0.2002,0.05
29925000,-0.1714,0.05
29930000,-0.13185,0.05
29935000,-0.17305,0.05
29940000,-0.16045,0.05
29945000,-0.1262,0.05
29950000,-0.14035,0.05
29955000,-0.2008,0.05
29960000,-0.2551,0.05
29965000,-0.1218,0.05
29970000,-0.04985,0.05
29975000,-0.1489,0.05
29980000,-0.1625,0.05
29985000,-0.1299,0.05
29990000,-0.163,0.05
29995000,-0.2048,0.05
30000000,-0.1934,0.05
